GAME_ID,TEAM_ID,TEAM_ABBREVIATION,TEAM_CITY,PLAYER_ID,PLAYER_NAME,NICKNAME,START_POSITION,COMMENT,MIN,E_OFF_RATING,OFF_RATING,E_DEF_RATING,DEF_RATING,E_NET_RATING,NET_RATING,AST_PCT,AST_TOV,AST_RATIO,OREB_PCT,DREB_PCT,REB_PCT,TM_TOV_PCT,EFG_PCT,TS_PCT,USG_PCT,E_USG_PCT,E_PACE,PACE,PACE_PER40,POSS,PIE,Unnamed: 0
22100477,1610612753,ORL,Orlando,1629755,Hassani Gravett,Hassani,,,17.000000:26,91.8,88.6,128.4,122.2,-36.5,-33.7,0.0,0.0,0.0,0.0,0.0,0.0,25.0,0.833,0.833,0.108,0.112,93.68,97.75,81.46,35,0.016,18.0
22100470,1610612753,ORL,Orlando,1629755,Hassani Gravett,Hassani,G,,25.000000:06,112.8,118.8,96.2,95.8,16.7,22.9,0.263,0.0,45.5,0.0,0.227,0.098,0.0,0.667,0.667,0.111,0.11,94.04,91.78,76.48,48,0.135,4.0
22100508,1610612753,ORL,Orlando,1629755,Hassani Gravett,Hassani,G,,18.000000:37,144.3,140.0,105.0,105.3,39.3,34.7,0.267,4.0,44.4,0.0,0.176,0.111,11.1,0.625,0.625,0.119,0.123,99.11,100.56,83.8,40,0.118,18.0
22100442,1610612753,ORL,Orlando,1629755,Hassani Gravett,Hassani,,,24.000000:54,105.9,107.8,99.8,103.9,6.0,3.9,0.176,3.0,30.0,0.042,0.129,0.091,10.0,0.5,0.595,0.121,0.123,101.24,98.31,81.93,51,0.134,6.0
22100493,1610612753,ORL,Orlando,1629755,Hassani Gravett,Hassani,G,,32.000000:41,91.1,88.7,102.3,100.0,-11.3,-11.3,0.063,0.5,7.1,0.0,0.132,0.077,14.3,0.55,0.551,0.188,0.199,88.85,91.06,75.88,62,0.107,4.0
22100568,1610612753,ORL,Orlando,1629755,Hassani Gravett,Hassani,,DNP - Coach's Decision,,,0.0,,0.0,,0.0,,,,0.0,0.0,0.0,,,,0.0,0.0,,,,0,,24.0
22100555,1610612753,ORL,Orlando,1629755,Hassani Gravett,Hassani,,,12.000000:37,105.8,96.2,128.6,123.1,-22.9,-26.9,0.143,1.0,25.0,0.0,0.0,0.0,25.0,1.25,1.25,0.107,0.117,92.3,98.92,82.43,26,0.088,8.0
22100546,1610612753,ORL,Orlando,1629755,Hassani Gravett,Hassani,,,15.000000:50,118.3,114.7,112.8,109.1,5.5,5.6,0.25,3.0,42.9,0.0,0.077,0.034,14.3,0.333,0.333,0.108,0.114,98.39,101.6,84.67,34,0.0,6.0
22100433,1610612753,ORL,Orlando,1629755,Hassani Gravett,Hassani,,,23.000000:55,97.2,95.8,111.3,115.2,-14.1,-19.4,0.188,1.5,30.0,0.0,0.077,0.039,20.0,0.6,0.6,0.132,0.136,95.25,94.33,78.61,48,0.022,17.0
