GAME_ID,TEAM_ID,TEAM_ABBREVIATION,TEAM_CITY,PLAYER_ID,PLAYER_NAME,NICKNAME,START_POSITION,COMMENT,MIN,E_OFF_RATING,OFF_RATING,E_DEF_RATING,DEF_RATING,E_NET_RATING,NET_RATING,AST_PCT,AST_TOV,AST_RATIO,OREB_PCT,DREB_PCT,REB_PCT,TM_TOV_PCT,EFG_PCT,TS_PCT,USG_PCT,E_USG_PCT,E_PACE,PACE,PACE_PER40,POSS,PIE,Unnamed: 0
22101151,1610612753,ORL,Orlando,1629962,Devin Cannady,Devin,,,29.000000:19,104.5,105.3,92.4,88.1,12.1,17.1,0.105,1.0,18.2,0.0,0.0,0.0,18.2,0.643,0.643,0.141,0.142,93.06,94.96,79.14,57,0.058,19.0
22101179,1610612753,ORL,Orlando,1629962,Devin Cannady,Devin,,,24.000000:08,140.4,139.6,127.2,124.5,13.2,15.1,0.095,0.0,22.2,0.0,0.174,0.083,0.0,0.75,0.727,0.13,0.133,95.15,96.46,80.39,48,0.088,20.0
22101227,1610612753,ORL,Orlando,1629962,Devin Cannady,Devin,,,33.000000:16,126.3,128.6,103.1,104.3,23.2,24.2,0.071,0.0,15.4,0.0,0.0,0.0,0.0,0.6,0.663,0.145,0.146,101.81,100.28,83.57,70,0.066,16.0
22101196,1610612753,ORL,Orlando,1629962,Devin Cannady,Devin,,,27.000000:44,74.5,74.6,113.0,114.3,-38.5,-39.7,0.077,1.0,7.1,0.0,0.0,0.0,7.1,0.5,0.5,0.183,0.186,109.73,109.04,90.87,63,0.014,8.0
22101171,1610612753,ORL,Orlando,1629962,Devin Cannady,Devin,,,30.000000:05,88.8,91.7,120.1,119.7,-31.3,-28.0,0.176,1.5,20.0,0.028,0.033,0.03,13.3,0.167,0.202,0.176,0.179,97.87,96.53,80.44,60,-0.022,16.0
