GAME_ID,TEAM_ID,TEAM_ABBREVIATION,TEAM_CITY,PLAYER_ID,PLAYER_NAME,NICKNAME,START_POSITION,COMMENT,MIN,E_OFF_RATING,OFF_RATING,E_DEF_RATING,DEF_RATING,E_NET_RATING,NET_RATING,AST_PCT,AST_TOV,AST_RATIO,OREB_PCT,DREB_PCT,REB_PCT,TM_TOV_PCT,EFG_PCT,TS_PCT,USG_PCT,E_USG_PCT,E_PACE,PACE,PACE_PER40,POSS,PIE,Unnamed: 0
20900762,1610612745,HOU,Houston,101215,Will Conroy,Will,,DNP - Coach's Decision,,,0.0,,0.0,,0.0,,,,0.0,0.0,0.0,,,,0.0,0.0,,,,0,,12.0
20900936,1610612745,HOU,Houston,101215,Will Conroy,Will,,,5.000000:19,141.7,155.6,150.0,133.3,-8.3,22.2,0.333,0.0,66.7,0.0,0.333,0.111,0.0,0.0,0.0,0.091,0.084,80.71,81.25,67.71,9,0.038,7.0
20900930,1610612745,HOU,Houston,101215,Will Conroy,Will,,,6.000000:08,100.0,86.7,103.6,100.0,-3.6,-13.3,0.4,0.0,50.0,0.0,0.0,0.0,0.0,0.5,0.5,0.118,0.133,103.77,113.48,94.57,15,0.136,8.0
20900717,1610612745,HOU,Houston,101215,Will Conroy,Will,,,10.000000:39,88.4,87.5,96.3,95.8,-7.9,-8.3,0.143,0.33,12.5,0.0,0.133,0.08,37.5,0.25,0.25,0.25,0.262,107.36,108.17,90.14,24,-0.056,20.0
20900701,1610612745,HOU,Houston,101215,Will Conroy,Will,,,9.000000:38,73.9,61.1,162.3,150.0,-88.3,-88.9,0.333,1.0,25.0,0.0,0.0,0.0,25.0,0.5,0.5,0.158,0.189,78.53,89.69,74.74,18,-0.056,20.0
20900685,1610612745,HOU,Houston,101215,Will Conroy,Will,,DNP - Coach's Decision,,,0.0,,0.0,,0.0,,,,0.0,0.0,0.0,,,,0.0,0.0,,,,0,,21.0
20900907,1610612745,HOU,Houston,101215,Will Conroy,Will,,,4.000000:08,90.2,87.5,72.7,71.4,17.5,16.1,0.5,0.0,50.0,0.0,0.0,0.0,0.0,0.0,0.0,0.091,0.093,85.01,87.1,72.58,8,-0.364,20.0
