GAME_ID,TEAM_ID,TEAM_ABBREVIATION,TEAM_CITY,PLAYER_ID,PLAYER_NAME,NICKNAME,START_POSITION,COMMENT,MIN,E_OFF_RATING,OFF_RATING,E_DEF_RATING,DEF_RATING,E_NET_RATING,NET_RATING,AST_PCT,AST_TOV,AST_RATIO,OREB_PCT,DREB_PCT,REB_PCT,TM_TOV_PCT,EFG_PCT,TS_PCT,USG_PCT,E_USG_PCT,E_PACE,PACE,PACE_PER40,POSS,PIE,Unnamed: 0
20900410,1610612737,ATL,Atlanta,201629,Othello Hunter,Othello,,,3.000000:08,94.5,100.0,25.4,20.0,69.2,80.0,0.0,0.0,0.0,0.0,0.2,0.111,100.0,0.0,0.0,0.1,0.105,133.49,145.76,121.47,9,0.0,10.0
20900374,1610612737,ATL,Atlanta,201629,Othello Hunter,Othello,,,6.000000:38,72.7,66.7,136.6,142.9,-63.9,-76.2,0.0,0.0,0.0,0.0,0.25,0.091,0.0,0.5,0.521,0.2,0.218,102.75,104.92,87.44,15,0.0,22.0
20900358,1610612737,ATL,Atlanta,201629,Othello Hunter,Othello,,,7.000000:50,105.1,105.6,165.8,158.8,-60.8,-53.3,0.0,0.0,0.0,0.333,0.0,0.222,16.7,0.5,0.615,0.25,0.249,105.27,107.23,89.36,18,0.143,22.0
20900322,1610612737,ATL,Atlanta,201629,Othello Hunter,Othello,,,2.000000:18,66.7,50.0,25.8,25.0,40.9,25.0,0.0,0.0,0.0,0.0,0.333,0.2,0.0,0.0,0.0,0.167,0.2,71.79,83.48,69.57,4,-1.0,9.0
20900430,1610612737,ATL,Atlanta,201629,Othello Hunter,Othello,,,2.000000:39,94.9,85.7,156.2,150.0,-61.3,-64.3,0.0,0.0,0.0,0.0,0.0,0.0,0.0,0.0,0.0,0.0,0.0,109.4,117.74,98.11,7,-0.118,9.0
20900340,1610612737,ATL,Atlanta,201629,Othello Hunter,Othello,,,8.000000:45,93.5,100.0,99.6,95.0,-6.1,5.0,0.0,0.0,0.0,0.182,0.167,0.174,0.0,0.2,0.2,0.217,0.214,108.07,106.97,89.14,19,0.0,20.0
20900387,1610612737,ATL,Atlanta,201629,Othello Hunter,Othello,,DNP - Coach's Decision,,,0.0,,0.0,,0.0,,,,0.0,0.0,0.0,,,,0.0,0.0,,,,0,,10.0
20900421,1610612737,ATL,Atlanta,201629,Othello Hunter,Othello,,,1.000000:41,100.0,100.0,200.0,150.0,-100.0,-50.0,0.0,0.0,0.0,0.0,0.0,0.0,100.0,0.0,0.0,0.25,0.25,99.8,114.06,95.05,4,-0.045,10.0
