GAME_ID,TEAM_ID,TEAM_ABBREVIATION,TEAM_CITY,PLAYER_ID,PLAYER_NAME,NICKNAME,START_POSITION,COMMENT,MIN,E_OFF_RATING,OFF_RATING,E_DEF_RATING,DEF_RATING,E_NET_RATING,NET_RATING,AST_PCT,AST_TOV,AST_RATIO,OREB_PCT,DREB_PCT,REB_PCT,TM_TOV_PCT,EFG_PCT,TS_PCT,USG_PCT,E_USG_PCT,E_PACE,PACE,PACE_PER40,POSS,PIE,Unnamed: 0
20900028,1610612758,SAC,Sacramento,2046,Desmond Mason,Desmond,F,,18.000000:22,119.9,114.7,99.8,97.0,20.2,17.7,0.077,1.0,14.3,0.077,0.222,0.136,14.3,0.4,0.4,0.13,0.135,84.43,87.57,72.97,34,0.085,0.0
20900012,1610612758,SAC,Sacramento,2046,Desmond Mason,Desmond,F,,16.000000:31,82.2,78.8,138.5,137.5,-56.4,-58.7,0.0,0.0,0.0,0.0,0.2,0.065,20.0,0.25,0.25,0.132,0.14,92.12,94.44,78.7,33,-0.031,0.0
20900049,1610612758,SAC,Sacramento,2046,Desmond Mason,Desmond,F,,6.000000:39,46.0,38.5,104.7,115.4,-58.8,-76.9,0.0,0.0,0.0,0.0,0.0,0.0,0.0,0.0,0.0,0.0,0.0,91.06,93.95,78.29,13,0.0,12.0
20900068,1610612758,SAC,Sacramento,2046,Desmond Mason,Desmond,,,3.000000:24,41.0,40.0,118.3,114.3,-77.4,-74.3,0.0,0.0,0.0,0.0,0.0,0.0,0.0,0.0,0.0,0.0,0.0,82.33,84.87,70.73,5,-0.2,21.0
20900037,1610612758,SAC,Sacramento,2046,Desmond Mason,Desmond,F,,20.000000:35,114.9,112.8,149.4,150.0,-34.4,-37.2,0.067,0.5,12.5,0.118,0.273,0.179,25.0,0.667,0.735,0.159,0.158,89.13,89.78,74.82,39,0.094,0.0
