GAME_ID,TEAM_ID,TEAM_ABBREVIATION,TEAM_CITY,PLAYER_ID,PLAYER_NAME,NICKNAME,START_POSITION,COMMENT,MIN,E_OFF_RATING,OFF_RATING,E_DEF_RATING,DEF_RATING,E_NET_RATING,NET_RATING,AST_PCT,AST_TOV,AST_RATIO,OREB_PCT,DREB_PCT,REB_PCT,TM_TOV_PCT,EFG_PCT,TS_PCT,USG_PCT,E_USG_PCT,E_PACE,PACE,PACE_PER40,POSS,PIE,Unnamed: 0
20901130,1610612752,NYK,New York,2853,Earl Barron,Earl,,DNP - Coach's Decision,,,0.0,,0.0,,0.0,,,,0.0,0.0,0.0,,,,0.0,0.0,,,,0,,10.0
20901226,1610612752,NYK,New York,2853,Earl Barron,Earl,C,,39.000000:52,121.1,122.8,134.5,133.8,-13.4,-11.0,0.033,1.0,7.1,0.098,0.12,0.106,7.1,0.4,0.468,0.138,0.14,96.13,95.72,79.77,79,0.04,2.0
20901153,1610612752,NYK,New York,2853,Earl Barron,Earl,C,,44.000000:21,107.8,112.8,104.0,104.5,3.8,8.2,0.036,0.33,5.9,0.167,0.294,0.22,17.6,0.615,0.632,0.155,0.154,96.58,94.16,78.47,86,0.145,14.0
20901174,1610612752,NYK,New York,2853,Earl Barron,Earl,C,,33.000000:24,125.6,127.1,142.3,147.4,-16.7,-20.2,0.045,1.0,9.1,0.111,0.29,0.207,9.1,0.429,0.457,0.143,0.148,85.32,83.34,69.45,59,0.059,2.0
20901148,1610612752,NYK,New York,2853,Earl Barron,Earl,,,17.000000:53,112.9,113.5,101.1,100.0,11.8,13.5,0.077,0.0,9.1,0.059,0.227,0.154,0.0,0.556,0.506,0.244,0.243,99.04,99.31,82.76,37,0.134,7.0
20901206,1610612752,NYK,New York,2853,Earl Barron,Earl,C,,30.000000:35,128.0,132.7,96.2,98.3,31.8,34.5,0.083,0.0,15.4,0.143,0.313,0.245,0.0,0.222,0.372,0.177,0.177,91.26,88.66,73.88,55,0.102,14.0
20901158,1610612752,NYK,New York,2853,Earl Barron,Earl,C,,28.000000:54,126.0,125.9,106.6,107.3,19.4,18.7,0.05,0.0,6.3,0.194,0.125,0.164,0.0,0.462,0.508,0.227,0.231,90.78,90.52,75.43,54,0.1,2.0
20901199,1610612752,NYK,New York,2853,Earl Barron,Earl,C,,36.000000:57,102.7,102.9,118.6,116.9,-16.0,-14.0,0.045,0.17,5.3,0.182,0.2,0.19,31.6,0.286,0.57,0.225,0.228,90.99,91.58,76.32,70,0.071,14.0
