GAME_ID,TEAM_ID,TEAM_ABBREVIATION,TEAM_CITY,PLAYER_ID,PLAYER_NAME,NICKNAME,START_POSITION,COMMENT,MIN,E_OFF_RATING,OFF_RATING,E_DEF_RATING,DEF_RATING,E_NET_RATING,NET_RATING,AST_PCT,AST_TOV,AST_RATIO,OREB_PCT,DREB_PCT,REB_PCT,TM_TOV_PCT,EFG_PCT,TS_PCT,USG_PCT,E_USG_PCT,E_PACE,PACE,PACE_PER40,POSS,PIE,Unnamed: 0
21000033,1610612757,POR,Portland,101177,Fabricio Oberto,Fabricio,,,16.000000:52,89.0,86.1,106.6,100.0,-17.6,-13.9,0.0,0.0,0.0,0.067,0.0,0.024,0.0,0.667,0.667,0.079,0.081,100.3,105.31,87.76,36,0.026,5.0
21000044,1610612757,POR,Portland,101177,Fabricio Oberto,Fabricio,,,10.000000:20,79.1,78.3,109.7,95.8,-30.6,-17.6,0.0,0.0,0.0,0.077,0.0,0.053,100.0,0.0,0.0,0.037,0.039,101.51,109.13,90.94,23,-0.152,9.0
21000052,1610612757,POR,Portland,101177,Fabricio Oberto,Fabricio,,,3.000000:55,101.5,100.0,75.0,75.0,26.5,25.0,0.0,0.0,0.0,0.0,0.5,0.143,0.0,0.0,0.0,0.0,0.0,97.31,98.04,81.7,8,0.091,7.0
21000002,1610612757,POR,Portland,101177,Fabricio Oberto,Fabricio,,,3.000000:03,63.3,66.7,50.8,50.0,12.5,16.7,0.0,0.0,0.0,0.0,0.2,0.143,50.0,0.0,0.0,0.333,0.316,111.74,110.16,91.8,6,-6.0,20.0
21000016,1610612757,POR,Portland,101177,Fabricio Oberto,Fabricio,,,10.000000:32,100.5,95.7,137.5,139.1,-36.9,-43.5,0.0,0.0,0.0,0.091,0.222,0.15,33.3,1.0,0.798,0.12,0.126,102.96,104.88,87.4,23,0.012,8.0
