GAME_ID,TEAM_ID,TEAM_ABBREVIATION,TEAM_CITY,PLAYER_ID,PLAYER_NAME,NICKNAME,START_POSITION,COMMENT,MIN,E_OFF_RATING,OFF_RATING,E_DEF_RATING,DEF_RATING,E_NET_RATING,NET_RATING,AST_PCT,AST_TOV,AST_RATIO,OREB_PCT,DREB_PCT,REB_PCT,TM_TOV_PCT,EFG_PCT,TS_PCT,USG_PCT,E_USG_PCT,E_PACE,PACE,PACE_PER40,POSS,PIE,Unnamed: 0
21001167,1610612751,NJN,New Jersey,201238,Mario West,Mario,G,,13.000000:24,98.7,92.3,102.8,96.3,-4.2,-4.0,0.0,0.0,0.0,0.067,0.1,0.08,0.0,0.0,0.0,0.103,0.11,88.81,94.9,79.08,26,-0.115,3.0
21001177,1610612751,NJN,New Jersey,201238,Mario West,Mario,F,,21.000000:45,102.1,107.3,121.4,123.3,-19.3,-15.9,0.125,0.0,50.0,0.0,0.059,0.028,0.0,0.5,0.5,0.044,0.043,95.69,92.69,77.24,41,0.023,12.0
21001151,1610612751,NJN,New Jersey,201238,Mario West,Mario,G,,28.000000:60,108.6,110.9,100.4,105.0,8.2,5.9,0.043,0.0,20.0,0.032,0.071,0.051,0.0,0.333,0.387,0.063,0.062,98.41,95.19,79.33,55,0.031,15.0
21001142,1610612751,NJN,New Jersey,201238,Mario West,Mario,,,19.000000:55,96.7,90.5,95.8,92.9,1.0,-2.4,0.231,0.0,50.0,0.0,0.273,0.097,0.0,0.333,0.333,0.064,0.069,96.43,101.25,84.37,42,0.066,18.0
21001196,1610612751,NJN,New Jersey,201238,Mario West,Mario,,,16.000000:26,125.5,126.7,103.6,103.4,21.9,23.2,0.25,0.0,42.9,0.0,0.2,0.069,0.0,0.25,0.25,0.108,0.11,86.52,86.17,71.81,30,0.088,7.0
21001222,1610612751,NJN,New Jersey,201238,Mario West,Mario,,NWT - Injured Left Shoulder,,,0.0,,0.0,,0.0,,,,0.0,0.0,0.0,,,,0.0,0.0,,,,0,,11.0
21001122,1610612751,NJN,New Jersey,201238,Mario West,Mario,,,15.000000:28,105.4,106.9,115.3,110.3,-9.8,-3.4,0.143,0.5,10.0,0.0,0.0,0.0,20.0,0.917,0.888,0.273,0.278,88.7,90.0,75.0,29,0.2,10.0
