GAME_ID,TEAM_ID,TEAM_ABBREVIATION,TEAM_CITY,PLAYER_ID,PLAYER_NAME,NICKNAME,START_POSITION,COMMENT,MIN,E_OFF_RATING,OFF_RATING,E_DEF_RATING,DEF_RATING,E_NET_RATING,NET_RATING,AST_PCT,AST_TOV,AST_RATIO,OREB_PCT,DREB_PCT,REB_PCT,TM_TOV_PCT,EFG_PCT,TS_PCT,USG_PCT,E_USG_PCT,E_PACE,PACE,PACE_PER40,POSS,PIE,Unnamed: 0
21001175,1610612762,UTA,Utah,201602,Kyle Weaver,Kyle,,,7.000000:35,50.5,50.0,28.8,28.6,21.7,21.4,0.0,0.0,0.0,0.0,0.125,0.059,0.0,0.0,0.347,0.231,0.233,81.49,82.25,68.54,12,-0.667,20.0
21001161,1610612762,UTA,Utah,201602,Kyle Weaver,Kyle,,,12.000000:00,50.8,52.2,53.0,58.3,-2.2,-6.2,0.25,0.5,12.5,0.059,0.118,0.088,25.0,0.0,0.0,0.219,0.221,100.13,93.97,78.31,23,-0.226,8.0
21001145,1610612762,UTA,Utah,201602,Kyle Weaver,Kyle,,,29.000000:32,103.1,105.2,101.0,105.3,2.1,-0.1,0.188,1.5,17.6,0.0,0.08,0.035,11.8,0.773,0.8,0.212,0.215,96.35,93.45,77.88,58,0.164,6.0
21001191,1610612762,UTA,Utah,201602,Kyle Weaver,Kyle,,,10.000000:38,94.1,95.0,95.9,90.0,-1.9,5.0,0.167,0.0,16.7,0.125,0.222,0.176,0.0,0.5,0.512,0.227,0.225,87.93,90.28,75.24,20,0.26,8.0
21001132,1610612762,UTA,Utah,201602,Kyle Weaver,Kyle,,,9.000000:35,83.3,80.0,89.1,90.0,-5.8,-10.0,0.4,0.67,22.2,0.0,0.1,0.05,33.3,0.0,0.258,0.318,0.33,98.67,100.17,83.48,20,-0.087,19.0
