GAME_ID,TEAM_ID,TEAM_ABBREVIATION,TEAM_CITY,PLAYER_ID,PLAYER_NAME,NICKNAME,START_POSITION,COMMENT,MIN,E_OFF_RATING,OFF_RATING,E_DEF_RATING,DEF_RATING,E_NET_RATING,NET_RATING,AST_PCT,AST_TOV,AST_RATIO,OREB_PCT,DREB_PCT,REB_PCT,TM_TOV_PCT,EFG_PCT,TS_PCT,USG_PCT,E_USG_PCT,E_PACE,PACE,PACE_PER40,POSS,PIE,Unnamed: 0
21000037,1610612745,HOU,Houston,2397,Yao Ming,ao Ming,C,,22.000000:33,73.9,74.0,107.2,109.8,-33.3,-35.8,0.0,0.0,0.0,0.038,0.185,0.113,21.4,0.6,0.643,0.25,0.25,108.89,107.49,89.57,50,0.2,14.0
21000092,1610612745,HOU,Houston,2397,Yao Ming,ao Ming,C,,16.000000:55,121.9,126.5,115.8,117.1,6.1,9.3,0.083,0.0,11.1,0.056,0.176,0.114,0.0,0.6,0.804,0.2,0.204,100.28,97.89,81.58,34,0.197,14.0
21000111,1610612745,HOU,Houston,2397,Yao Ming,ao Ming,C,,6.000000:14,92.6,91.7,90.0,100.0,2.6,-8.3,0.0,0.0,0.0,0.0,0.111,0.077,0.0,0.0,0.0,0.0,0.0,101.34,96.26,80.21,12,0.081,2.0
21000059,1610612745,HOU,Houston,2397,Yao Ming,ao Ming,C,,21.000000:28,100.1,102.3,112.1,109.3,-12.0,-7.0,0.083,0.0,7.1,0.045,0.19,0.116,0.0,0.455,0.568,0.265,0.271,97.13,97.27,81.06,44,0.151,14.0
21000003,1610612745,HOU,Houston,2397,Yao Ming,ao Ming,C,,23.000000:21,101.2,106.1,118.6,116.0,-17.4,-9.9,0.133,0.5,11.1,0.167,0.259,0.216,22.2,0.364,0.379,0.291,0.289,103.11,101.76,84.8,49,0.033,2.0
