GAME_ID,TEAM_ID,TEAM_ABBREVIATION,TEAM_CITY,PLAYER_ID,PLAYER_NAME,NICKNAME,START_POSITION,COMMENT,MIN,E_OFF_RATING,OFF_RATING,E_DEF_RATING,DEF_RATING,E_NET_RATING,NET_RATING,AST_PCT,AST_TOV,AST_RATIO,OREB_PCT,DREB_PCT,REB_PCT,TM_TOV_PCT,EFG_PCT,TS_PCT,USG_PCT,E_USG_PCT,E_PACE,PACE,PACE_PER40,POSS,PIE,Unnamed: 0
21500789,1610612766,CHA,Charlotte,203077,Michael Kidd-Gilchrist,Michael,F,,18.000000:55,95.9,97.4,89.3,85.0,6.6,12.4,0.167,1.0,25.0,0.118,0.045,0.077,25.0,0.75,0.82,0.143,0.144,98.61,100.23,83.52,39,0.167,0.0
21500761,1610612766,CHA,Charlotte,203077,Michael Kidd-Gilchrist,Michael,F,,27.000000:13,110.9,108.5,97.3,98.3,13.6,10.2,0.1,1.0,15.4,0.0,0.0,0.0,15.4,0.429,0.514,0.175,0.181,103.45,104.05,86.71,59,0.018,13.0
21500774,1610612766,CHA,Charlotte,203077,Michael Kidd-Gilchrist,Michael,F,,29.000000:53,129.0,127.6,101.4,101.8,27.6,25.8,0.0,0.0,0.0,0.103,0.133,0.119,0.0,0.536,0.601,0.235,0.241,92.01,92.36,76.97,58,0.145,13.0
21500705,1610612766,CHA,Charlotte,203077,Michael Kidd-Gilchrist,Michael,F,,33.000000:33,102.9,101.5,100.9,103.0,2.0,-1.5,0.056,0.5,7.7,0.026,0.158,0.092,15.4,0.625,0.611,0.158,0.16,94.08,93.71,78.09,65,0.106,0.0
21500720,1610612766,CHA,Charlotte,203077,Michael Kidd-Gilchrist,Michael,F,,27.000000:57,109.2,113.6,74.3,75.4,34.8,38.1,0.176,3.0,20.0,0.108,0.229,0.167,6.7,1.0,0.903,0.164,0.166,102.35,99.61,83.01,59,0.284,0.0
21500735,1610612766,CHA,Charlotte,203077,Michael Kidd-Gilchrist,Michael,F,,36.000000:51,105.0,105.6,92.8,97.2,12.2,8.4,0.0,0.0,0.0,0.059,0.262,0.171,6.3,0.357,0.37,0.198,0.202,95.53,93.13,77.61,72,0.077,13.0
21500751,1610612766,CHA,Charlotte,203077,Michael Kidd-Gilchrist,Michael,F,,30.000000:23,116.2,117.2,105.9,110.2,10.3,7.1,0.043,0.0,12.5,0.0,0.107,0.055,0.0,0.571,0.605,0.117,0.116,94.75,92.44,77.04,58,0.061,12.0
