GAME_ID,TEAM_ID,TEAM_ABBREVIATION,TEAM_CITY,PLAYER_ID,PLAYER_NAME,NICKNAME,START_POSITION,COMMENT,MIN,E_OFF_RATING,OFF_RATING,E_DEF_RATING,DEF_RATING,E_NET_RATING,NET_RATING,AST_PCT,AST_TOV,AST_RATIO,OREB_PCT,DREB_PCT,REB_PCT,TM_TOV_PCT,EFG_PCT,TS_PCT,USG_PCT,E_USG_PCT,E_PACE,PACE,PACE_PER40,POSS,PIE,Unnamed: 0
21601174,1610612753,ORL,Orlando,1627868,Patricio Garino,Patricio,,,13.000000:52,91.1,100.0,104.6,107.7,-13.5,-7.7,0.0,0.0,0.0,0.0,0.125,0.061,0.0,0.0,0.0,0.114,0.115,97.62,91.73,76.44,27,-0.065,22.0
21601217,1610612753,ORL,Orlando,1627868,Patricio Garino,Patricio,,,11.000000:34,122.1,116.0,114.2,112.5,7.8,3.5,0.0,0.0,0.0,0.0,0.0,0.0,66.7,0.0,0.0,0.111,0.116,98.35,101.67,84.73,25,-0.111,22.0
21601206,1610612753,ORL,Orlando,1627868,Patricio Garino,Patricio,,,12.000000:00,64.6,66.7,124.0,120.0,-59.3,-53.3,0.0,0.0,0.0,0.0,0.5,0.182,50.0,0.0,0.0,0.077,0.078,97.92,98.0,81.67,24,0.023,10.0
21601156,1610612753,ORL,Orlando,1627868,Patricio Garino,Patricio,,,4.000000:17,103.1,100.0,123.0,112.5,-19.9,-12.5,0.0,0.0,0.0,0.25,0.0,0.143,0.0,0.0,0.0,0.111,0.114,84.49,89.65,74.71,8,-0.034,11.0
21601190,1610612753,ORL,Orlando,1627868,Patricio Garino,Patricio,,,1.000000:24,100.0,66.7,100.0,100.0,0.0,-33.3,0.0,0.0,0.0,0.0,0.0,0.0,0.0,0.0,0.0,0.0,0.0,68.57,85.71,71.43,3,0.0,24.0
