GAME_ID,TEAM_ID,TEAM_ABBREVIATION,TEAM_CITY,PLAYER_ID,PLAYER_NAME,NICKNAME,START_POSITION,COMMENT,MIN,E_OFF_RATING,OFF_RATING,E_DEF_RATING,DEF_RATING,E_NET_RATING,NET_RATING,AST_PCT,AST_TOV,AST_RATIO,OREB_PCT,DREB_PCT,REB_PCT,TM_TOV_PCT,EFG_PCT,TS_PCT,USG_PCT,E_USG_PCT,E_PACE,PACE,PACE_PER40,POSS,PIE,Unnamed: 0
21601175,1610612749,MIL,Milwaukee,1627780,Gary Payton II,Gary,,,14.000000:53,100.0,93.8,98.3,96.8,1.7,-3.0,0.25,3.0,37.5,0.0,0.083,0.043,12.5,0.25,0.25,0.152,0.161,97.59,101.59,84.66,32,0.008,7.0
21601159,1610612749,MIL,Milwaukee,1627780,Gary Payton II,Gary,,,29.000000:56,88.1,85.0,122.4,120.0,-34.4,-35.0,0.188,1.5,21.4,0.0,0.069,0.032,14.3,0.25,0.322,0.164,0.172,93.58,96.21,80.18,60,0.033,8.0
21601207,1610612749,MIL,Milwaukee,1627780,Gary Payton II,Gary,,,0.000000:54,0.0,0.0,204.9,250.0,-204.9,-250.0,0.0,0.0,0.0,0.0,0.0,0.0,0.0,0.0,0.0,0.0,0.0,91.73,106.67,88.89,2,0.0,25.0
21601144,1610612749,MIL,Milwaukee,1627780,Gary Payton II,Gary,,,8.000000:43,65.4,72.2,123.0,122.2,-57.7,-50.0,0.0,0.0,0.0,0.0,0.167,0.067,40.0,0.833,0.833,0.227,0.229,103.97,99.12,82.6,18,0.103,24.0
21601219,1610612749,MIL,Milwaukee,1627780,Gary Payton II,Gary,,,32.000000:15,91.2,92.2,111.7,116.7,-20.6,-24.5,0.238,1.67,38.5,0.0,0.179,0.104,23.1,0.25,0.307,0.119,0.118,99.45,96.74,80.62,64,0.049,6.0
21601191,1610612749,MIL,Milwaukee,1627780,Gary Payton II,Gary,,,12.000000:33,91.4,91.7,113.1,108.0,-21.7,-16.3,0.333,1.0,28.6,0.0,0.083,0.045,28.6,0.667,0.667,0.192,0.192,91.72,93.71,78.09,24,0.048,8.0
