GAME_ID,TEAM_ID,TEAM_ABBREVIATION,TEAM_CITY,PLAYER_ID,PLAYER_NAME,NICKNAME,START_POSITION,COMMENT,MIN,E_OFF_RATING,OFF_RATING,E_DEF_RATING,DEF_RATING,E_NET_RATING,NET_RATING,AST_PCT,AST_TOV,AST_RATIO,OREB_PCT,DREB_PCT,REB_PCT,TM_TOV_PCT,EFG_PCT,TS_PCT,USG_PCT,E_USG_PCT,E_PACE,PACE,PACE_PER40,POSS,PIE,Unnamed: 0
21601203,1610612755,PHI,Philadelphia,1627816,Alex Poythress,Alex,,,23.000000:24,111.3,110.9,128.7,116.3,-17.5,-5.5,0.0,0.0,0.0,0.0,0.042,0.022,11.1,0.938,0.938,0.18,0.181,92.43,97.44,81.2,46,0.122,21.0
21601173,1610612755,PHI,Philadelphia,1627816,Alex Poythress,Alex,,,25.000000:51,91.2,92.6,101.1,103.6,-9.9,-11.0,0.0,0.0,0.0,0.0,0.138,0.066,0.0,0.167,0.291,0.117,0.117,103.28,101.2,84.33,54,0.011,19.0
21601220,1610612755,PHI,Philadelphia,1627816,Alex Poythress,Alex,F,,31.000000:34,113.2,113.6,121.7,121.2,-8.5,-7.6,0.045,0.0,6.7,0.088,0.079,0.083,0.0,0.643,0.643,0.175,0.179,100.39,100.36,83.63,66,0.148,1.0
21601154,1610612755,PHI,Philadelphia,1627816,Alex Poythress,Alex,,,27.000000:54,129.4,131.1,141.1,146.6,-11.7,-15.4,0.125,0.0,21.4,0.152,0.143,0.149,0.0,0.45,0.442,0.151,0.149,104.98,102.37,85.3,61,0.043,19.0
21601147,1610612755,PHI,Philadelphia,1627816,Alex Poythress,Alex,,,24.000000:13,100.8,100.0,114.4,116.0,-13.5,-16.0,0.083,0.0,10.0,0.053,0.105,0.079,0.0,0.5,0.59,0.17,0.171,97.44,97.12,80.94,48,0.116,6.0
21601191,1610612755,PHI,Philadelphia,1627816,Alex Poythress,Alex,,,23.000000:54,86.9,80.0,87.8,86.0,-0.9,-6.0,0.0,0.0,0.0,0.069,0.261,0.154,18.2,0.25,0.338,0.183,0.2,95.4,100.42,83.68,50,0.031,19.0
