GAME_ID,TEAM_ID,TEAM_ABBREVIATION,TEAM_CITY,PLAYER_ID,PLAYER_NAME,NICKNAME,START_POSITION,COMMENT,MIN,E_OFF_RATING,OFF_RATING,E_DEF_RATING,DEF_RATING,E_NET_RATING,NET_RATING,AST_PCT,AST_TOV,AST_RATIO,OREB_PCT,DREB_PCT,REB_PCT,TM_TOV_PCT,EFG_PCT,TS_PCT,USG_PCT,E_USG_PCT,E_PACE,PACE,PACE_PER40,POSS,PIE,Unnamed: 0
21100971,1610612766,CHA,Charlotte,200081,Jamario Moon,Jamario,,,10.000000:46,89.7,85.0,140.8,131.6,-51.1,-46.6,0.0,0.0,0.0,0.0,0.25,0.111,0.0,1.5,1.5,0.048,0.05,81.85,86.93,72.45,20,0.141,6.0
21100960,1610612766,CHA,Charlotte,200081,Jamario Moon,Jamario,,,22.000000:02,52.6,53.5,103.3,107.0,-50.8,-53.5,0.125,0.5,10.0,0.0,0.053,0.024,20.0,0.167,0.291,0.196,0.197,96.17,93.68,78.07,43,-0.032,7.0
21100903,1610612766,CHA,Charlotte,200081,Jamario Moon,Jamario,,,13.000000:31,64.9,69.6,86.8,91.3,-21.8,-21.7,0.0,0.0,0.0,0.0,0.077,0.033,0.0,0.0,0.0,0.103,0.109,86.72,81.68,68.06,23,-0.075,19.0
21100919,1610612766,CHA,Charlotte,200081,Jamario Moon,Jamario,,,17.000000:39,58.1,53.1,131.6,125.0,-73.5,-71.9,0.0,0.0,0.0,0.043,0.188,0.103,0.0,0.0,0.0,0.027,0.029,81.15,87.03,72.52,32,0.06,18.0
21100937,1610612766,CHA,Charlotte,200081,Jamario Moon,Jamario,,,9.000000:29,56.0,57.9,100.7,100.0,-44.7,-42.1,0.0,0.0,0.0,0.0,0.0,0.0,66.7,0.0,0.0,0.143,0.145,94.95,93.64,78.03,19,-0.5,21.0
21100895,1610612766,CHA,Charlotte,200081,Jamario Moon,Jamario,,,13.000000:01,75.1,68.0,95.2,96.0,-20.1,-28.0,0.0,0.0,0.0,0.067,0.167,0.111,0.0,0.0,0.0,0.071,0.078,88.21,92.19,76.82,25,-0.018,19.0
21100953,1610612766,CHA,Charlotte,200081,Jamario Moon,Jamario,,,13.000000:50,97.0,96.6,107.0,106.9,-10.1,-10.3,0.2,1.0,22.2,0.0,0.214,0.103,22.2,0.7,0.7,0.212,0.22,100.35,100.63,83.86,29,0.152,23.0
21100982,1610612766,CHA,Charlotte,200081,Jamario Moon,Jamario,,,23.000000:11,84.8,81.6,100.3,104.0,-15.5,-22.4,0.154,1.0,22.2,0.0,0.333,0.19,22.2,0.4,0.4,0.132,0.14,102.5,102.5,85.42,49,0.134,18.0
