GAME_ID,TEAM_ID,TEAM_ABBREVIATION,TEAM_CITY,PLAYER_ID,PLAYER_NAME,NICKNAME,START_POSITION,COMMENT,MIN,E_OFF_RATING,OFF_RATING,E_DEF_RATING,DEF_RATING,E_NET_RATING,NET_RATING,AST_PCT,AST_TOV,AST_RATIO,OREB_PCT,DREB_PCT,REB_PCT,TM_TOV_PCT,EFG_PCT,TS_PCT,USG_PCT,E_USG_PCT,E_PACE,PACE,PACE_PER40,POSS,PIE,Unnamed: 0
21100970,1610612740,NOH,New Orleans,201208,Darryl Watkins,Darryl,,,18.000000:38,76.0,74.2,93.0,102.9,-17.0,-28.7,0.0,0.0,0.0,0.056,0.176,0.114,28.6,0.5,0.376,0.194,0.198,87.47,83.71,69.76,31,-0.061,7.0
21100959,1610612740,NOH,New Orleans,201208,Darryl Watkins,Darryl,,,3.000000:04,114.2,128.6,87.2,75.0,27.0,53.6,0.5,0.0,50.0,0.0,0.0,0.0,0.0,1.0,1.0,0.111,0.113,115.51,117.39,97.83,7,0.133,10.0
21100925,1610612740,NOH,New Orleans,201208,Darryl Watkins,Darryl,,,28.000000:32,98.1,98.1,112.8,111.5,-14.8,-13.5,0.067,0.5,16.7,0.3,0.25,0.271,33.3,0.0,0.347,0.081,0.083,86.96,87.46,72.88,52,0.078,5.0
21100935,1610612740,NOH,New Orleans,201208,Darryl Watkins,Darryl,,,5.000000:17,150.2,155.6,142.2,120.0,8.0,35.6,0.0,0.0,0.0,0.0,0.0,0.0,0.0,1.0,1.0,0.111,0.107,80.68,86.31,71.92,9,0.067,22.0
21100986,1610612740,NOH,New Orleans,201208,Darryl Watkins,Darryl,,,42.000000:02,83.2,83.5,102.2,101.3,-19.0,-17.7,0.053,0.25,5.9,0.024,0.184,0.11,23.5,0.5,0.555,0.188,0.19,90.56,90.79,75.65,79,0.085,5.0
