GAME_ID,TEAM_ID,TEAM_ABBREVIATION,TEAM_CITY,PLAYER_ID,PLAYER_NAME,NICKNAME,START_POSITION,COMMENT,MIN,E_OFF_RATING,OFF_RATING,E_DEF_RATING,DEF_RATING,E_NET_RATING,NET_RATING,AST_PCT,AST_TOV,AST_RATIO,OREB_PCT,DREB_PCT,REB_PCT,TM_TOV_PCT,EFG_PCT,TS_PCT,USG_PCT,E_USG_PCT,E_PACE,PACE,PACE_PER40,POSS,PIE,Unnamed: 0
21100032,1610612744,GSW,Golden State,2198,Kwame Brown,Kwame,,,11.000000:40,118.4,127.3,86.1,86.4,32.4,40.9,0.091,0.33,12.5,0.385,0.385,0.385,37.5,0.333,0.387,0.226,0.228,94.01,90.48,75.4,22,0.086,17.0
21100142,1610612744,GSW,Golden State,2198,Kwame Brown,Kwame,C,,20.000000:30,79.2,77.8,111.5,104.3,-32.3,-26.6,0.0,0.0,0.0,0.08,0.235,0.143,14.3,0.6,0.633,0.135,0.137,102.13,106.54,88.78,45,0.072,15.0
21100119,1610612744,GSW,Golden State,2198,Kwame Brown,Kwame,C,,30.000000:39,87.7,87.3,110.4,112.5,-22.7,-25.2,0.0,0.0,0.0,0.12,0.125,0.123,37.5,0.75,0.82,0.129,0.132,87.5,86.91,72.42,55,0.093,14.0
21100091,1610612744,GSW,Golden State,2198,Kwame Brown,Kwame,,,20.000000:14,111.7,104.8,95.9,95.2,15.8,9.5,0.0,0.0,0.0,0.059,0.286,0.184,9.1,0.5,0.42,0.25,0.266,96.25,99.66,83.05,42,0.049,10.0
21100056,1610612744,GSW,Golden State,2198,Kwame Brown,Kwame,,,15.000000:10,84.0,83.3,73.2,68.8,10.8,14.6,0.0,0.0,0.0,0.0,0.333,0.184,50.0,1.0,1.0,0.057,0.058,94.59,98.07,81.72,30,0.206,18.0
21100109,1610612744,GSW,Golden State,2198,Kwame Brown,Kwame,C,,34.000000:25,86.6,85.7,104.7,101.4,-18.1,-15.7,0.095,1.0,11.1,0.029,0.185,0.098,11.1,0.462,0.44,0.203,0.207,95.6,97.64,81.37,70,0.064,2.0
21100066,1610612744,GSW,Golden State,2198,Kwame Brown,Kwame,,,24.000000:25,91.2,93.3,122.4,129.8,-31.2,-36.5,0.083,0.33,9.1,0.087,0.192,0.143,27.3,0.75,0.636,0.204,0.2,94.25,90.44,75.36,45,0.08,5.0
21100005,1610612744,GSW,Golden State,2198,Kwame Brown,Kwame,,,6.000000:49,71.0,66.7,111.3,113.3,-40.2,-46.7,0.0,0.0,0.0,0.111,0.0,0.063,0.0,0.0,0.266,0.111,0.117,103.37,105.62,88.02,15,-0.538,23.0
21100017,1610612744,GSW,Golden State,2198,Kwame Brown,Kwame,,,23.000000:07,127.5,120.8,80.5,78.7,47.0,42.1,0.0,0.0,0.0,0.059,0.263,0.167,0.0,0.333,0.443,0.115,0.121,94.95,98.64,82.2,48,0.115,18.0
