GAME_ID,TEAM_ID,TEAM_ABBREVIATION,TEAM_CITY,PLAYER_ID,PLAYER_NAME,NICKNAME,START_POSITION,COMMENT,MIN,E_OFF_RATING,OFF_RATING,E_DEF_RATING,DEF_RATING,E_NET_RATING,NET_RATING,AST_PCT,AST_TOV,AST_RATIO,OREB_PCT,DREB_PCT,REB_PCT,TM_TOV_PCT,EFG_PCT,TS_PCT,USG_PCT,E_USG_PCT,E_PACE,PACE,PACE_PER40,POSS,PIE,Unnamed: 0
21701177,1610612745,HOU,Houston,1626154,RJ Hunter,RJ,,DNP - Coach's Decision,,,0.0,,0.0,,0.0,,,,0.0,0.0,0.0,,,,0.0,0.0,,,,0,,21.0
21700679,1610612745,HOU,Houston,1626154,RJ Hunter,RJ,,DNP - Coach's Decision,,,0.0,,0.0,,0.0,,,,0.0,0.0,0.0,,,,0.0,0.0,,,,0,,23.0
21701101,1610612745,HOU,Houston,1626154,RJ Hunter,RJ,,,3.000000:29,88.8,87.5,101.5,88.9,-12.7,-1.4,0.0,0.0,0.0,0.0,0.0,0.0,0.0,0.0,0.0,0.1,0.101,108.59,117.13,97.61,8,-0.083,23.0
21701111,1610612745,HOU,Houston,1626154,RJ Hunter,RJ,,,10.000000:02,97.0,95.5,109.3,114.3,-12.2,-18.8,0.0,0.0,0.0,0.0,0.0,0.0,0.0,0.0,0.0,0.12,0.122,104.29,102.86,85.71,22,-0.11,22.0
21700665,1610612745,HOU,Houston,1626154,RJ Hunter,RJ,,,0.000000:37,300.0,150.0,0.0,0.0,300.0,150.0,1.0,0.0,100.0,0.0,0.0,0.0,0.0,0.0,0.0,0.0,0.0,117.71,156.95,130.79,2,0.25,21.0
21701194,1610612745,HOU,Houston,1626154,RJ Hunter,RJ,,DNP - Coach's Decision,,,0.0,,0.0,,0.0,,,,0.0,0.0,0.0,,,,0.0,0.0,,,,0,,23.0
21700689,1610612745,HOU,Houston,1626154,RJ Hunter,RJ,,DNP - Coach's Decision,,,0.0,,0.0,,0.0,,,,0.0,0.0,0.0,,,,0.0,0.0,,,,0,,23.0
21701230,1610612745,HOU,Houston,1626154,RJ Hunter,RJ,G,,29.000000:54,95.5,96.6,95.2,96.6,0.3,0.0,0.071,0.5,5.3,0.0,0.125,0.061,10.5,0.531,0.563,0.281,0.287,94.3,93.11,77.59,58,0.102,4.0
21700648,1610612745,HOU,Houston,1626154,RJ Hunter,RJ,,,1.000000:03,200.0,100.0,0.0,0.0,200.0,100.0,1.0,0.0,100.0,0.0,1.0,1.0,0.0,0.0,0.0,0.0,0.0,68.57,91.43,76.19,2,1.0,9.0
