GAME_ID,TEAM_ID,TEAM_ABBREVIATION,TEAM_CITY,PLAYER_ID,PLAYER_NAME,NICKNAME,START_POSITION,COMMENT,MIN,E_OFF_RATING,OFF_RATING,E_DEF_RATING,DEF_RATING,E_NET_RATING,NET_RATING,AST_PCT,AST_TOV,AST_RATIO,OREB_PCT,DREB_PCT,REB_PCT,TM_TOV_PCT,EFG_PCT,TS_PCT,USG_PCT,E_USG_PCT,E_PACE,PACE,PACE_PER40,POSS,PIE,Unnamed: 0
21700863,1610612756,PHX,Phoenix,1627982,Josh Gray,Josh,,DNP - Coach's Decision,,,0.0,,0.0,,0.0,,,,0.0,0.0,0.0,,,,0.0,0.0,,,,0,,11.0
21700804,1610612756,PHX,Phoenix,1627982,Josh Gray,Josh,,,16.000000:42,78.3,77.8,128.7,122.9,-50.4,-45.1,0.25,1.0,18.2,0.04,0.071,0.051,18.2,0.571,0.571,0.209,0.221,99.39,102.04,85.03,36,0.056,6.0
21700810,1610612756,PHX,Phoenix,1627982,Josh Gray,Josh,,,31.000000:28,91.6,94.1,121.4,118.6,-29.8,-24.5,0.304,7.0,28.0,0.023,0.103,0.055,4.0,0.25,0.267,0.222,0.225,105.41,105.25,87.71,68,0.037,18.0
21700773,1610612756,PHX,Phoenix,1627982,Josh Gray,Josh,,,8.000000:53,97.5,100.0,125.0,120.0,-27.5,-20.0,0.25,0.0,20.0,0.0,0.25,0.067,0.0,0.833,0.81,0.2,0.195,107.31,108.07,90.06,20,0.2,22.0
21700832,1610612756,PHX,Phoenix,1627982,Josh Gray,Josh,,,12.000000:44,76.1,71.4,87.8,96.4,-11.7,-25.0,0.286,1.0,20.0,0.0,0.214,0.103,20.0,0.0,0.26,0.267,0.293,107.51,105.55,87.96,28,0.153,20.0
21700789,1610612756,PHX,Phoenix,1627982,Josh Gray,Josh,,DNP - Coach's Decision,,,0.0,,0.0,,0.0,,,,0.0,0.0,0.0,,,,0.0,0.0,,,,0,,23.0
21700846,1610612756,PHX,Phoenix,1627982,Josh Gray,Josh,,,16.000000:39,61.1,60.5,124.6,120.5,-63.5,-60.0,0.0,0.0,0.0,0.0,0.0,0.0,14.3,0.182,0.21,0.318,0.336,108.63,110.99,92.49,38,-0.112,8.0
