GAME_ID,TEAM_ID,TEAM_ABBREVIATION,TEAM_CITY,PLAYER_ID,PLAYER_NAME,NICKNAME,START_POSITION,COMMENT,MIN,E_OFF_RATING,OFF_RATING,E_DEF_RATING,DEF_RATING,E_NET_RATING,NET_RATING,AST_PCT,AST_TOV,AST_RATIO,OREB_PCT,DREB_PCT,REB_PCT,TM_TOV_PCT,EFG_PCT,TS_PCT,USG_PCT,E_USG_PCT,E_PACE,PACE,PACE_PER40,POSS,PIE,Unnamed: 0
21700134,1610612742,DAL,Dallas,1628492,Gian Clavell,Gian,,,9.000000:52,109.7,120.0,92.1,90.5,17.6,29.5,0.0,0.0,0.0,0.0,0.0,0.0,0.0,0.5,0.5,0.13,0.126,103.43,99.73,83.11,20,0.0,11.0
21700045,1610612742,DAL,Dallas,1628492,Gian Clavell,Gian,,,6.000000:04,118.7,115.4,143.4,150.0,-24.8,-34.6,0.25,0.0,33.3,0.0,0.0,0.0,0.0,0.0,0.0,0.154,0.158,107.92,106.81,89.01,13,-0.136,22.0
21700125,1610612742,DAL,Dallas,1628492,Gian Clavell,Gian,,DNP - Coach's Decision,,,0.0,,0.0,,0.0,,,,0.0,0.0,0.0,,,,0.0,0.0,,,,0,,21.0
21700032,1610612742,DAL,Dallas,1628492,Gian Clavell,Gian,,,24.000000:35,96.5,98.0,83.5,78.8,12.9,19.2,0.154,2.0,20.0,0.0,0.2,0.098,10.0,0.643,0.643,0.148,0.149,98.53,100.56,83.8,51,0.126,8.0
21700191,1610612742,DAL,Dallas,1628492,Gian Clavell,Gian,,,8.000000:05,80.8,77.8,88.9,88.2,-8.0,-10.5,0.0,0.0,0.0,0.0,0.0,0.0,20.0,0.5,0.644,0.25,0.273,101.54,103.92,86.6,18,0.049,8.0
21700024,1610612742,DAL,Dallas,1628492,Gian Clavell,Gian,,,9.000000:58,127.1,120.0,55.0,55.0,72.1,65.0,0.0,0.0,0.0,0.111,0.071,0.087,0.0,0.5,0.5,0.143,0.151,93.62,96.32,80.27,20,0.109,22.0
21700203,1610612742,DAL,Dallas,1628492,Gian Clavell,Gian,,DNP - Coach's Decision,,,0.0,,0.0,,0.0,,,,0.0,0.0,0.0,,,,0.0,0.0,,,,0,,21.0
21700098,1610612742,DAL,Dallas,1628492,Gian Clavell,Gian,,,2.000000:30,102.5,100.0,80.0,80.0,22.5,20.0,0.0,0.0,0.0,0.0,0.0,0.0,0.0,0.0,0.0,0.0,0.0,94.85,96.0,80.0,5,0.0,10.0
21700066,1610612742,DAL,Dallas,1628492,Gian Clavell,Gian,,,2.000000:34,138.9,114.3,173.6,166.7,-34.7,-52.4,0.0,0.0,0.0,0.0,0.0,0.0,0.0,0.0,0.0,0.0,0.0,107.72,121.56,101.3,7,-0.059,10.0
