GAME_ID,TEAM_ID,TEAM_ABBREVIATION,TEAM_CITY,PLAYER_ID,PLAYER_NAME,NICKNAME,START_POSITION,COMMENT,MIN,E_OFF_RATING,OFF_RATING,E_DEF_RATING,DEF_RATING,E_NET_RATING,NET_RATING,AST_PCT,AST_TOV,AST_RATIO,OREB_PCT,DREB_PCT,REB_PCT,TM_TOV_PCT,EFG_PCT,TS_PCT,USG_PCT,E_USG_PCT,E_PACE,PACE,PACE_PER40,POSS,PIE,Unnamed: 0
21701002,1610612763,MEM,Memphis,1628504,Xavier Rathan-Mayes,Xavier,,,21.000000:26,89.8,83.3,113.2,116.7,-23.3,-33.3,0.333,2.5,35.7,0.0,0.045,0.021,14.3,0.0,0.148,0.173,0.189,105.26,107.5,89.58,48,-0.054,20.0
21700989,1610612763,MEM,Memphis,1628504,Xavier Rathan-Mayes,Xavier,,,16.000000:52,71.8,72.2,142.9,140.0,-71.1,-67.8,0.0,0.0,0.0,0.0,0.125,0.031,14.3,0.167,0.167,0.171,0.174,100.29,101.03,84.19,36,-0.097,6.0
21700967,1610612763,MEM,Memphis,1628504,Xavier Rathan-Mayes,Xavier,,,27.000000:53,120.5,119.6,116.8,121.8,3.7,-2.2,0.35,3.5,31.8,0.0,0.05,0.022,9.1,0.333,0.349,0.242,0.244,97.23,95.54,79.62,56,0.032,6.0
21700954,1610612763,MEM,Memphis,1628504,Xavier Rathan-Mayes,Xavier,,,25.000000:32,91.6,90.7,108.6,107.1,-17.1,-16.4,0.294,1.67,27.8,0.0,0.083,0.042,16.7,0.4,0.383,0.228,0.23,102.23,103.39,86.16,54,0.051,6.0
21700980,1610612763,MEM,Memphis,1628504,Xavier Rathan-Mayes,Xavier,,,26.000000:04,76.2,74.5,93.8,92.6,-17.7,-18.0,0.083,0.33,7.1,0.0,0.0,0.0,21.4,0.389,0.405,0.206,0.21,98.6,100.33,83.61,55,-0.026,18.0
