GAME_ID,TEAM_ID,TEAM_ABBREVIATION,TEAM_CITY,PLAYER_ID,PLAYER_NAME,NICKNAME,START_POSITION,COMMENT,MIN,E_OFF_RATING,OFF_RATING,E_DEF_RATING,DEF_RATING,E_NET_RATING,NET_RATING,AST_PCT,AST_TOV,AST_RATIO,OREB_PCT,DREB_PCT,REB_PCT,TM_TOV_PCT,EFG_PCT,TS_PCT,USG_PCT,E_USG_PCT,E_PACE,PACE,PACE_PER40,POSS,PIE,Unnamed: 0
21700915,1610612737,ATL,Atlanta,1628537,Jaylen Morris,Jaylen,,,11.000000:43,101.0,90.3,92.7,96.6,8.3,-6.2,0.0,0.0,0.0,0.059,0.067,0.063,25.0,0.167,0.167,0.211,0.23,118.57,122.83,102.36,31,-0.1,20.0
21700928,1610612737,ATL,Atlanta,1628537,Jaylen Morris,Jaylen,,,12.000000:07,81.1,77.8,132.0,129.6,-50.8,-51.9,0.0,0.0,0.0,0.0,0.1,0.048,0.0,0.333,0.333,0.107,0.116,103.79,106.96,89.13,27,0.02,22.0
21701158,1610612737,ATL,Atlanta,1628537,Jaylen Morris,Jaylen,,DNP - Coach's Decision,,,0.0,,0.0,,0.0,,,,0.0,0.0,0.0,,,,0.0,0.0,,,,0,,10.0
21700958,1610612737,ATL,Atlanta,1628537,Jaylen Morris,Jaylen,,,19.000000:43,78.9,78.6,114.9,112.2,-36.0,-33.6,0.2,1.0,22.2,0.042,0.182,0.109,22.2,0.4,0.4,0.13,0.135,99.67,101.03,84.19,42,0.077,8.0
21700943,1610612737,ATL,Atlanta,1628537,Jaylen Morris,Jaylen,,,24.000000:32,105.8,109.4,94.7,96.2,11.0,13.2,0.118,2.0,22.2,0.0,0.179,0.093,11.1,0.583,0.583,0.119,0.121,106.32,103.7,86.41,53,0.121,21.0
21700978,1610612737,ATL,Atlanta,1628537,Jaylen Morris,Jaylen,,,24.000000:39,69.5,71.2,99.6,100.0,-30.1,-28.8,0.2,0.0,18.2,0.0,0.074,0.038,0.0,0.5,0.5,0.164,0.163,106.52,105.15,87.63,52,0.125,7.0
21700993,1610612737,ATL,Atlanta,1628537,Jaylen Morris,Jaylen,,,5.000000:45,100.0,100.0,120.6,107.1,-20.6,-7.1,0.333,1.0,20.0,0.0,0.1,0.063,20.0,0.667,0.667,0.333,0.333,102.01,108.52,90.43,12,0.143,22.0
21701184,1610612737,ATL,Atlanta,1628537,Jaylen Morris,Jaylen,,DNP - Coach's Decision,,,0.0,,0.0,,0.0,,,,0.0,0.0,0.0,,,,0.0,0.0,,,,0,,10.0
