GAME_ID,TEAM_ID,TEAM_ABBREVIATION,TEAM_CITY,PLAYER_ID,PLAYER_NAME,NICKNAME,START_POSITION,COMMENT,MIN,E_OFF_RATING,OFF_RATING,E_DEF_RATING,DEF_RATING,E_NET_RATING,NET_RATING,AST_PCT,AST_TOV,AST_RATIO,OREB_PCT,DREB_PCT,REB_PCT,TM_TOV_PCT,EFG_PCT,TS_PCT,USG_PCT,E_USG_PCT,E_PACE,PACE,PACE_PER40,POSS,PIE,Unnamed: 0
21701189,1610612740,NOP,New Orleans,202348,Jordan Crawford,Jordan,,,9.000000:01,122.3,125.0,127.6,130.4,-5.2,-5.4,0.333,2.0,20.0,0.0,0.0,0.0,10.0,0.857,0.874,0.308,0.313,127.87,125.1,104.25,24,0.208,10.0
21701212,1610612740,NOP,New Orleans,202348,Jordan Crawford,Jordan,,,3.000000:34,59.2,71.4,165.0,185.7,-105.7,-114.3,0.5,0.0,20.0,0.0,0.0,0.0,0.0,0.0,0.0,0.333,0.322,109.82,94.21,78.5,7,-0.167,11.0
21700008,1610612740,NOP,New Orleans,202348,Jordan Crawford,Jordan,,,12.000000:40,93.8,85.2,122.0,117.9,-28.2,-32.7,0.6,1.5,33.3,0.111,0.0,0.037,22.2,0.625,0.625,0.2,0.218,97.69,104.21,86.84,27,0.014,8.0
21700025,1610612740,NOP,New Orleans,202348,Jordan Crawford,Jordan,,,24.000000:39,124.6,117.9,125.0,119.3,-0.4,-1.4,0.3,3.0,33.3,0.038,0.042,0.04,11.1,0.65,0.65,0.19,0.197,104.53,110.02,91.68,56,0.092,21.0
21701195,1610612740,NOP,New Orleans,202348,Jordan Crawford,Jordan,,DNP - Coach's Decision,,,0.0,,0.0,,0.0,,,,0.0,0.0,0.0,,,,0.0,0.0,,,,0,,10.0
21701226,1610612740,NOP,New Orleans,202348,Jordan Crawford,Jordan,,,3.000000:23,137.5,137.5,145.3,125.0,-7.8,12.5,0.25,0.0,33.3,0.0,0.333,0.167,0.0,0.5,0.5,0.25,0.25,105.55,113.5,94.58,8,0.128,22.0
