GAME_ID,TEAM_ID,TEAM_ABBREVIATION,TEAM_CITY,PLAYER_ID,PLAYER_NAME,NICKNAME,START_POSITION,COMMENT,MIN,E_OFF_RATING,OFF_RATING,E_DEF_RATING,DEF_RATING,E_NET_RATING,NET_RATING,AST_PCT,AST_TOV,AST_RATIO,OREB_PCT,DREB_PCT,REB_PCT,TM_TOV_PCT,EFG_PCT,TS_PCT,USG_PCT,E_USG_PCT,E_PACE,PACE,PACE_PER40,POSS,PIE,Unnamed: 0
21700056,1610612765,DET,Detroit,202720,Jon Leuer,Jon,,,18.000000:37,110.7,109.8,78.4,75.6,32.3,34.1,0.0,0.0,0.0,0.111,0.304,0.22,37.5,0.5,0.608,0.182,0.183,103.34,105.71,88.09,41,0.078,18.0
21700041,1610612765,DET,Detroit,202720,Jon Leuer,Jon,,,15.000000:54,93.7,84.2,100.1,94.4,-6.4,-10.2,0.0,0.0,0.0,0.056,0.167,0.111,16.7,0.0,0.647,0.154,0.171,102.82,111.7,93.08,38,0.073,19.0
21700091,1610612765,DET,Detroit,202720,Jon Leuer,Jon,,,7.000000:27,103.6,100.0,56.7,60.0,47.0,40.0,0.0,0.0,0.0,0.1,0.429,0.235,0.0,0.5,0.5,0.211,0.217,100.9,99.87,83.22,16,0.283,6.0
21700084,1610612765,DET,Detroit,202720,Jon Leuer,Jon,,,13.000000:54,88.5,81.8,88.8,84.8,-0.4,-3.0,0.1,1.0,14.3,0.059,0.182,0.128,14.3,0.0,0.205,0.171,0.185,107.12,113.96,94.96,33,0.0,5.0
21700020,1610612765,DET,Detroit,202720,Jon Leuer,Jon,,,32.000000:01,109.0,109.7,102.4,98.6,6.6,11.1,0.038,0.0,10.0,0.0,0.037,0.019,0.0,0.5,0.563,0.115,0.118,105.58,107.19,89.33,72,0.046,5.0
21700209,1610612765,DET,Detroit,202720,Jon Leuer,Jon,,DNP - Coach's Decision,,,0.0,,0.0,,0.0,,,,0.0,0.0,0.0,,,,0.0,0.0,,,,0,,11.0
21700030,1610612765,DET,Detroit,202720,Jon Leuer,Jon,,,19.000000:20,107.7,105.4,140.0,133.3,-32.3,-27.9,0.143,0.0,33.3,0.063,0.071,0.067,0.0,0.75,0.75,0.095,0.1,87.49,90.62,75.52,37,0.099,6.0
21700003,1610612765,DET,Detroit,202720,Jon Leuer,Jon,,,19.000000:21,89.8,88.4,75.3,78.0,14.5,10.3,0.0,0.0,0.0,0.0,0.136,0.067,14.3,0.333,0.311,0.159,0.162,105.23,104.19,86.82,43,0.023,19.0
21700104,1610612765,DET,Detroit,202720,Jon Leuer,Jon,,,9.000000:54,75.0,71.4,124.1,128.6,-49.1,-57.1,0.2,1.0,16.7,0.077,0.429,0.2,16.7,0.5,0.5,0.217,0.217,101.24,101.82,84.85,21,0.085,7.0
