GAME_ID,TEAM_ID,TEAM_ABBREVIATION,TEAM_CITY,PLAYER_ID,PLAYER_NAME,NICKNAME,START_POSITION,COMMENT,MIN,E_OFF_RATING,OFF_RATING,E_DEF_RATING,DEF_RATING,E_NET_RATING,NET_RATING,AST_PCT,AST_TOV,AST_RATIO,OREB_PCT,DREB_PCT,REB_PCT,TM_TOV_PCT,EFG_PCT,TS_PCT,USG_PCT,E_USG_PCT,E_PACE,PACE,PACE_PER40,POSS,PIE,Unnamed: 0
21701188,1610612763,MEM,Memphis,202705,MarShon Brooks,MarShon,F,,36.000000:43,101.8,102.9,95.6,98.5,6.2,4.3,0.167,1.0,11.5,0.105,0.121,0.113,11.5,0.575,0.575,0.274,0.281,92.03,90.2,75.17,70,0.182,13.0
21701199,1610612763,MEM,Memphis,202705,MarShon Brooks,MarShon,,,25.000000:37,157.5,154.9,107.7,110.0,49.8,44.9,0.2,4.0,20.0,0.0,0.097,0.059,5.0,0.786,0.816,0.281,0.29,94.85,94.63,78.85,51,0.182,20.0
21701173,1610612763,MEM,Memphis,202705,MarShon Brooks,MarShon,,,36.000000:02,90.7,98.7,121.8,124.7,-31.1,-26.0,0.368,3.5,25.9,0.021,0.088,0.049,7.4,0.676,0.666,0.213,0.218,104.86,99.24,82.7,76,0.178,5.0
21701135,1610612763,MEM,Memphis,202705,MarShon Brooks,MarShon,,,18.000000:20,122.4,125.0,120.1,123.1,2.3,1.9,0.2,2.0,10.5,0.067,0.0,0.032,5.3,0.654,0.746,0.378,0.388,105.77,103.42,86.18,40,0.269,8.0
21701119,1610612763,MEM,Memphis,202705,MarShon Brooks,MarShon,,,21.000000:22,129.0,126.1,115.0,111.1,14.0,15.0,0.133,2.0,12.5,0.045,0.0,0.025,6.3,0.792,0.815,0.264,0.28,99.34,102.22,85.18,46,0.217,22.0
21701209,1610612763,MEM,Memphis,202705,MarShon Brooks,MarShon,,,31.000000:49,89.9,93.9,115.9,109.2,-26.0,-15.3,0.238,1.0,17.9,0.0,0.04,0.015,17.9,0.313,0.394,0.288,0.291,98.24,98.82,82.35,66,0.016,6.0
21701154,1610612763,MEM,Memphis,202705,MarShon Brooks,MarShon,,DND - Injury/Illness,,,0.0,,0.0,,0.0,,,,0.0,0.0,0.0,,,,0.0,0.0,,,,0,,9.0
21701227,1610612763,MEM,Memphis,202705,MarShon Brooks,MarShon,,,22.000000:42,125.6,128.6,141.5,139.6,-15.9,-11.0,0.105,0.67,12.5,0.05,0.167,0.094,18.8,0.35,0.398,0.25,0.254,103.1,102.56,85.46,49,0.038,6.0
