GAME_ID,TEAM_ID,TEAM_ABBREVIATION,TEAM_CITY,PLAYER_ID,PLAYER_NAME,NICKNAME,START_POSITION,COMMENT,MIN,E_OFF_RATING,OFF_RATING,E_DEF_RATING,DEF_RATING,E_NET_RATING,NET_RATING,AST_PCT,AST_TOV,AST_RATIO,OREB_PCT,DREB_PCT,REB_PCT,TM_TOV_PCT,EFG_PCT,TS_PCT,USG_PCT,E_USG_PCT,E_PACE,PACE,PACE_PER40,POSS,PIE,Unnamed: 0
21701188,1610612763,MEM,Memphis,204179,Omari Johnson,Omari,,,16.000000:23,86.7,89.7,109.7,106.5,-23.0,-16.8,0.0,0.0,0.0,0.053,0.071,0.061,16.7,0.0,0.0,0.167,0.167,88.01,87.89,73.25,29,-0.121,21.0
21701199,1610612763,MEM,Memphis,204179,Omari Johnson,Omari,,,16.000000:05,144.3,148.5,100.5,103.1,43.8,45.4,0.063,0.0,20.0,0.091,0.056,0.069,0.0,0.625,0.625,0.108,0.111,99.68,96.99,80.83,33,0.058,19.0
21701209,1610612763,MEM,Memphis,204179,Omari Johnson,Omari,,,17.000000:42,107.1,113.5,98.6,92.3,8.6,21.2,0.133,2.0,28.6,0.1,0.053,0.077,14.3,0.5,0.5,0.114,0.116,102.67,103.05,85.88,37,0.065,5.0
21701227,1610612763,MEM,Memphis,204179,Omari Johnson,Omari,,,24.000000:56,142.7,142.3,150.2,146.3,-7.4,-4.0,0.182,4.0,30.8,0.0,0.235,0.118,7.7,0.813,0.813,0.161,0.161,100.53,102.03,85.03,52,0.096,5.0
