GAME_ID,TEAM_ID,TEAM_ABBREVIATION,TEAM_CITY,PLAYER_ID,PLAYER_NAME,NICKNAME,START_POSITION,COMMENT,MIN,E_OFF_RATING,OFF_RATING,E_DEF_RATING,DEF_RATING,E_NET_RATING,NET_RATING,AST_PCT,AST_TOV,AST_RATIO,OREB_PCT,DREB_PCT,REB_PCT,TM_TOV_PCT,EFG_PCT,TS_PCT,USG_PCT,E_USG_PCT,E_PACE,PACE,PACE_PER40,POSS,PIE,Unnamed: 0
20800301,1610612766,CHA,Charlotte,101204,Dwayne Jones,Dwayne,,,2.000000:52,161.3,166.7,140.0,140.0,21.3,26.7,0.0,0.0,0.0,0.4,0.0,0.286,0.0,1.0,1.0,0.111,0.122,93.77,92.09,76.74,6,0.2,10.0
20800316,1610612766,CHA,Charlotte,101204,Dwayne Jones,Dwayne,,,5.000000:28,81.8,81.8,137.3,127.3,-55.4,-45.5,0.0,0.0,0.0,0.2,0.0,0.125,0.0,0.0,0.0,0.0,0.0,93.07,96.59,80.49,11,-0.023,7.0
20800264,1610612766,CHA,Charlotte,101204,Dwayne Jones,Dwayne,,,5.000000:57,121.5,109.1,176.3,154.5,-54.9,-45.5,0.0,0.0,0.0,0.0,0.0,0.0,0.0,0.5,0.694,0.2,0.216,78.74,88.74,73.95,11,0.083,19.0
20800285,1610612766,CHA,Charlotte,101204,Dwayne Jones,Dwayne,,DNP - Coach's Decision,,,0.0,,0.0,,0.0,,,,0.0,0.0,0.0,,,,0.0,0.0,,,,0,,11.0
20800252,1610612766,CHA,Charlotte,101204,Dwayne Jones,Dwayne,,,7.000000:18,50.9,50.0,47.4,50.0,3.4,0.0,0.0,0.0,0.0,0.125,0.111,0.118,33.3,1.0,0.798,0.176,0.19,93.76,92.05,76.71,14,0.333,17.0
20800287,1610612766,CHA,Charlotte,101204,Dwayne Jones,Dwayne,,,17.000000:34,109.5,106.3,83.3,81.8,26.2,24.4,0.0,0.0,0.0,0.154,0.286,0.222,40.0,0.333,0.333,0.135,0.143,86.69,88.82,74.02,32,0.09,17.0
20800324,1610612766,CHA,Charlotte,101204,Dwayne Jones,Dwayne,,DNP - Coach's Decision,,,0.0,,0.0,,0.0,,,,0.0,0.0,0.0,,,,0.0,0.0,,,,0,,10.0
20800236,1610612766,CHA,Charlotte,101204,Dwayne Jones,Dwayne,,,13.000000:19,118.0,116.7,93.0,100.0,25.1,16.7,0.0,0.0,0.0,0.0,0.083,0.05,50.0,0.0,0.568,0.08,0.081,93.14,90.11,75.09,24,-0.055,21.0
