GAME_ID,TEAM_ID,TEAM_ABBREVIATION,TEAM_CITY,PLAYER_ID,PLAYER_NAME,NICKNAME,START_POSITION,COMMENT,MIN,E_OFF_RATING,OFF_RATING,E_DEF_RATING,DEF_RATING,E_NET_RATING,NET_RATING,AST_PCT,AST_TOV,AST_RATIO,OREB_PCT,DREB_PCT,REB_PCT,TM_TOV_PCT,EFG_PCT,TS_PCT,USG_PCT,E_USG_PCT,E_PACE,PACE,PACE_PER40,POSS,PIE,Unnamed: 0
20801157,1610612760,OKC,Oklahoma City,201591,DJ White,DJ,,,15.000000:28,83.8,74.1,110.8,115.4,-27.0,-41.3,0.0,0.0,0.0,0.0,0.125,0.067,0.0,0.6,0.6,0.167,0.186,79.08,82.24,68.53,27,0.094,19.0
20801182,1610612760,OKC,Oklahoma City,201591,DJ White,DJ,,,14.000000:58,68.2,74.1,81.3,82.8,-13.1,-8.7,0.0,0.0,0.0,0.0,0.125,0.067,20.0,0.5,0.5,0.156,0.155,94.35,89.8,74.83,27,0.114,20.0
20801193,1610612760,OKC,Oklahoma City,201591,DJ White,DJ,,,26.000000:23,110.1,109.3,121.8,117.0,-11.7,-7.7,0.111,0.0,15.4,0.077,0.231,0.154,0.0,0.444,0.511,0.18,0.182,95.08,97.33,81.11,54,0.122,8.0
20801228,1610612760,OKC,Oklahoma City,201591,DJ White,DJ,,,24.000000:19,119.1,116.4,77.0,77.8,42.1,38.6,0.1,2.0,12.5,0.182,0.269,0.229,6.3,0.5,0.545,0.23,0.234,106.83,107.58,89.65,55,0.221,8.0
20801149,1610612760,OKC,Oklahoma City,201591,DJ White,DJ,,,18.000000:20,116.1,115.4,113.6,110.0,2.5,5.4,0.0,0.0,0.0,0.063,0.059,0.061,11.1,0.875,0.875,0.209,0.21,101.4,103.39,86.16,39,0.143,20.0
20801212,1610612760,OKC,Oklahoma City,201591,DJ White,DJ,,,17.000000:36,111.9,111.8,138.9,138.2,-27.0,-26.5,0.083,0.0,12.5,0.063,0.154,0.103,0.0,0.333,0.363,0.189,0.189,92.45,92.73,77.27,34,0.006,8.0
20801170,1610612760,OKC,Oklahoma City,201591,DJ White,DJ,,,12.000000:26,119.6,125.0,116.0,112.5,3.6,12.5,0.111,0.0,12.5,0.182,0.182,0.182,0.0,0.333,0.478,0.25,0.249,93.4,92.7,77.25,24,0.146,8.0
