GAME_ID,TEAM_ID,TEAM_ABBREVIATION,TEAM_CITY,PLAYER_ID,PLAYER_NAME,NICKNAME,START_POSITION,COMMENT,MIN,E_OFF_RATING,OFF_RATING,E_DEF_RATING,DEF_RATING,E_NET_RATING,NET_RATING,AST_PCT,AST_TOV,AST_RATIO,OREB_PCT,DREB_PCT,REB_PCT,TM_TOV_PCT,EFG_PCT,TS_PCT,USG_PCT,E_USG_PCT,E_PACE,PACE,PACE_PER40,POSS,PIE,Unnamed: 0
20800831,1610612749,MIL,Milwaukee,2109,Eddie Gill,Eddie,,,0.000000:54,34.7,20.0,238.1,250.0,-203.4,-230.0,0.0,0.0,0.0,0.0,0.0,0.0,0.0,0.0,0.0,0.0,0.0,188.1,239.11,199.26,5,0.0,23.0
20800818,1610612749,MIL,Milwaukee,2109,Eddie Gill,Eddie,,DNP - Coach's Decision,,,0.0,,0.0,,0.0,,,,0.0,0.0,0.0,,,,0.0,0.0,,,,0,,23.0
20800763,1610612749,MIL,Milwaukee,2109,Eddie Gill,Eddie,,,7.000000:15,93.8,93.8,171.0,181.3,-77.2,-87.5,0.667,0.0,80.0,0.0,0.0,0.0,0.0,1.0,1.0,0.063,0.063,109.23,106.05,88.38,16,0.078,22.0
20800880,1610612749,MIL,Milwaukee,2109,Eddie Gill,Eddie,,DNP - Coach's Decision,,,0.0,,0.0,,0.0,,,,0.0,0.0,0.0,,,,0.0,0.0,,,,0,,23.0
20800856,1610612749,MIL,Milwaukee,2109,Eddie Gill,Eddie,,,5.000000:28,110.5,108.3,86.2,91.7,24.3,16.7,0.5,0.0,100.0,0.0,0.2,0.083,0.0,0.0,0.0,0.0,0.0,107.65,105.37,87.8,12,0.146,10.0
20800863,1610612749,MIL,Milwaukee,2109,Eddie Gill,Eddie,,DNP - Coach's Decision,,,0.0,,0.0,,0.0,,,,0.0,0.0,0.0,,,,0.0,0.0,,,,0,,11.0
20800791,1610612749,MIL,Milwaukee,2109,Eddie Gill,Eddie,,,6.000000:17,71.2,75.0,81.0,72.7,-9.8,2.3,0.5,0.0,100.0,0.0,0.2,0.091,0.0,0.0,0.0,0.0,0.0,86.02,87.85,73.21,12,0.154,9.0
20800801,1610612749,MIL,Milwaukee,2109,Eddie Gill,Eddie,,,10.000000:55,75.0,73.1,115.0,108.0,-40.0,-34.9,0.4,0.67,20.0,0.0,0.125,0.034,30.0,0.5,0.5,0.222,0.227,107.29,112.12,93.44,26,0.019,21.0
20800779,1610612749,MIL,Milwaukee,2109,Eddie Gill,Eddie,,,12.000000:20,126.9,125.0,82.0,78.3,44.9,46.7,0.25,1.0,28.6,0.0,0.143,0.053,28.6,1.167,1.167,0.179,0.181,88.74,91.46,76.22,24,0.215,20.0
