GAME_ID,TEAM_ID,TEAM_ABBREVIATION,TEAM_CITY,PLAYER_ID,PLAYER_NAME,NICKNAME,START_POSITION,COMMENT,MIN,E_OFF_RATING,OFF_RATING,E_DEF_RATING,DEF_RATING,E_NET_RATING,NET_RATING,AST_PCT,AST_TOV,AST_RATIO,OREB_PCT,DREB_PCT,REB_PCT,TM_TOV_PCT,EFG_PCT,TS_PCT,USG_PCT,E_USG_PCT,E_PACE,PACE,PACE_PER40,POSS,PIE,Unnamed: 0
21401126,1610612756,PHX,Phoenix,202077,Jerel McNeal,Jerel,,,2.000000:48,66.7,66.7,69.4,66.7,-2.8,0.0,0.0,0.0,0.0,0.0,0.0,0.0,0.0,0.5,0.5,0.333,0.333,100.8,102.86,85.71,6,-0.154,10.0
21401145,1610612756,PHX,Phoenix,202077,Jerel McNeal,Jerel,,,10.000000:12,94.5,85.7,95.9,94.7,-1.4,-9.0,0.333,0.5,20.0,0.0,0.1,0.059,40.0,0.0,0.0,0.182,0.2,88.94,94.12,78.43,21,-0.206,20.0
21401182,1610612756,PHX,Phoenix,202077,Jerel McNeal,Jerel,,,1.000000:50,100.0,133.3,82.0,66.7,18.0,66.7,0.5,0.0,50.0,0.0,0.0,0.0,0.0,0.0,0.0,0.25,0.25,84.31,78.55,65.45,3,0.0,10.0
21401154,1610612756,PHX,Phoenix,202077,Jerel McNeal,Jerel,,,4.000000:29,23.7,22.2,91.3,88.9,-67.6,-66.7,0.0,0.0,0.0,0.0,0.25,0.091,50.0,0.0,0.0,0.2,0.212,92.07,96.36,80.3,9,-0.4,7.0
21401171,1610612756,PHX,Phoenix,202077,Jerel McNeal,Jerel,,DNP - Coach's Decision,,,0.0,,0.0,,0.0,,,,0.0,0.0,0.0,,,,0.0,0.0,,,,0,,11.0
21401216,1610612756,PHX,Phoenix,202077,Jerel McNeal,Jerel,,,14.000000:37,109.2,106.9,113.5,110.0,-4.3,-3.1,0.0,0.0,0.0,0.0,0.1,0.042,28.6,0.625,0.717,0.219,0.223,94.38,96.88,80.73,29,0.112,19.0
21401200,1610612756,PHX,Phoenix,202077,Jerel McNeal,Jerel,,,2.000000:24,66.7,66.7,20.5,20.0,46.2,46.7,0.0,0.0,0.0,0.0,0.0,0.0,0.0,0.0,0.0,0.143,0.143,108.8,110.0,91.67,6,0.0,8.0
