GAME_ID,TEAM_ID,TEAM_ABBREVIATION,TEAM_CITY,PLAYER_ID,PLAYER_NAME,NICKNAME,START_POSITION,COMMENT,MIN,E_OFF_RATING,OFF_RATING,E_DEF_RATING,DEF_RATING,E_NET_RATING,NET_RATING,AST_PCT,AST_TOV,AST_RATIO,OREB_PCT,DREB_PCT,REB_PCT,TM_TOV_PCT,EFG_PCT,TS_PCT,USG_PCT,E_USG_PCT,E_PACE,PACE,PACE_PER40,POSS,PIE,Unnamed: 0
21401192,1610612750,MIN,Minnesota,202620,Arinze Onuaku,Arinze,,,0.000000:08,200.0,200.0,0.0,0.0,200.0,200.0,1.0,0.0,100.0,0.0,0.0,0.0,0.0,0.0,0.0,0.0,0.0,180.0,360.0,300.0,1,0.333,7.0
21401186,1610612750,MIN,Minnesota,202620,Arinze Onuaku,Arinze,,,0.000000:09,0.0,0.0,0.0,0.0,0.0,0.0,0.0,0.0,0.0,0.0,0.0,0.0,0.0,0.0,0.0,0.0,0.0,169.41,338.83,282.35,1,0.0,8.0
21401222,1610612750,MIN,Minnesota,202620,Arinze Onuaku,Arinze,C,,26.000000:03,105.6,107.4,150.1,150.9,-44.5,-43.5,0.133,0.0,18.2,0.185,0.045,0.122,0.0,0.833,0.694,0.143,0.143,101.53,100.42,83.69,54,0.096,15.0
21401208,1610612750,MIN,Minnesota,202620,Arinze Onuaku,Arinze,,,16.000000:10,112.2,106.7,97.4,103.3,14.8,3.3,0.0,0.0,0.0,0.077,0.35,0.242,16.7,1.0,0.922,0.162,0.174,89.61,89.07,74.23,30,0.269,20.0
21401172,1610612750,MIN,Minnesota,202620,Arinze Onuaku,Arinze,,,10.000000:08,76.4,73.7,88.1,94.7,-11.6,-21.1,0.0,0.0,0.0,0.0,0.154,0.08,0.0,0.0,0.0,0.05,0.052,91.8,90.0,75.0,19,0.034,6.0
21401158,1610612750,MIN,Minnesota,202620,Arinze Onuaku,Arinze,,,15.000000:38,135.5,143.8,118.6,111.8,16.9,32.0,0.067,1.0,20.0,0.077,0.222,0.161,20.0,1.0,1.0,0.105,0.103,101.32,101.32,84.43,32,0.131,8.0
