GAME_ID,TEAM_ID,TEAM_ABBREVIATION,TEAM_CITY,PLAYER_ID,PLAYER_NAME,NICKNAME,START_POSITION,COMMENT,MIN,E_OFF_RATING,OFF_RATING,E_DEF_RATING,DEF_RATING,E_NET_RATING,NET_RATING,AST_PCT,AST_TOV,AST_RATIO,OREB_PCT,DREB_PCT,REB_PCT,TM_TOV_PCT,EFG_PCT,TS_PCT,USG_PCT,E_USG_PCT,E_PACE,PACE,PACE_PER40,POSS,PIE,Unnamed: 0
22201215,1610612757,POR,Portland,1627885,Shaquille Harrison,Shaquille,,,26.000000:18,120.8,117.2,114.3,115.3,6.5,2.0,0.476,10.0,43.5,0.0,0.231,0.118,4.3,0.5,0.547,0.213,0.219,105.64,106.77,88.97,58,0.185,5.0
22201166,1610612757,POR,Portland,1627885,Shaquille Harrison,Shaquille,,,17.000000:50,94.5,97.3,86.3,87.2,8.2,10.1,0.429,3.0,54.5,0.0,0.25,0.093,18.2,0.333,0.291,0.109,0.109,104.27,102.28,85.23,37,0.139,5.0
22201199,1610612757,POR,Portland,1627885,Shaquille Harrison,Shaquille,,,24.000000:17,120.8,121.4,107.4,112.7,13.4,8.7,0.391,4.5,42.9,0.045,0.107,0.08,9.5,0.375,0.49,0.185,0.19,112.67,109.7,91.42,56,0.124,5.0
22201159,1610612757,POR,Portland,1627885,Shaquille Harrison,Shaquille,,,24.000000:21,113.5,119.2,140.2,134.0,-26.7,-14.7,0.19,0.0,50.0,0.0,0.263,0.119,0.0,0.75,0.75,0.069,0.068,103.77,103.49,86.24,52,0.065,21.0
22201184,1610612757,POR,Portland,1627885,Shaquille Harrison,Shaquille,,,27.000000:09,107.2,105.1,112.6,110.7,-5.5,-5.6,0.053,1.0,6.7,0.0,0.12,0.054,6.7,0.4,0.497,0.209,0.216,99.78,101.66,84.71,59,0.08,5.0
