GAME_ID,TEAM_ID,TEAM_ABBREVIATION,TEAM_CITY,PLAYER_ID,PLAYER_NAME,NICKNAME,START_POSITION,COMMENT,MIN,E_OFF_RATING,OFF_RATING,E_DEF_RATING,DEF_RATING,E_NET_RATING,NET_RATING,AST_PCT,AST_TOV,AST_RATIO,OREB_PCT,DREB_PCT,REB_PCT,TM_TOV_PCT,EFG_PCT,TS_PCT,USG_PCT,E_USG_PCT,E_PACE,PACE,PACE_PER40,POSS,PIE,Unnamed: 0
22201215,1610612757,POR,Portland,1631466,Nate Williams,Nate,F,,21.000000:18,124.3,123.9,134.9,131.9,-10.6,-8.0,0.0,0.0,0.0,0.045,0.0,0.024,16.7,0.9,0.827,0.122,0.123,103.44,104.79,87.32,46,0.036,0.0
22201166,1610612757,POR,Portland,1631466,Nate Williams,Nate,,,13.000000:24,80.5,81.5,61.1,60.7,19.5,20.8,0.0,0.0,0.0,0.182,0.083,0.147,14.3,0.583,0.583,0.194,0.198,98.79,98.51,82.09,27,0.14,9.0
22201199,1610612757,POR,Portland,1631466,Nate Williams,Nate,G,,31.000000:56,114.9,116.7,110.9,120.5,4.1,-3.9,0.143,4.0,26.7,0.071,0.05,0.059,6.7,0.8,0.8,0.138,0.141,114.57,108.98,90.81,72,0.083,3.0
22201230,1610612757,POR,Portland,1631466,Nate Williams,Nate,F,,31.000000:01,104.8,104.0,139.5,135.5,-34.7,-31.5,0.125,3.0,17.6,0.086,0.038,0.066,5.9,0.625,0.66,0.171,0.176,114.7,116.84,97.37,75,0.078,13.0
22201184,1610612757,POR,Portland,1631466,Nate Williams,Nate,F,,28.000000:55,111.3,110.2,123.7,121.3,-12.4,-11.1,0.13,0.0,33.3,0.0,0.034,0.015,0.0,0.333,0.333,0.087,0.089,98.14,99.6,83.0,59,0.049,0.0
