GAME_ID,TEAM_ID,TEAM_ABBREVIATION,TEAM_CITY,PLAYER_ID,PLAYER_NAME,NICKNAME,START_POSITION,COMMENT,MIN,E_OFF_RATING,OFF_RATING,E_DEF_RATING,DEF_RATING,E_NET_RATING,NET_RATING,AST_PCT,AST_TOV,AST_RATIO,OREB_PCT,DREB_PCT,REB_PCT,TM_TOV_PCT,EFG_PCT,TS_PCT,USG_PCT,E_USG_PCT,E_PACE,PACE,PACE_PER40,POSS,PIE,Unnamed: 0
21801142,1610612741,CHI,Chicago,1627215,Walt Lemon Jr.,Walt,,,31.000000:02,108.1,105.9,114.1,115.2,-6.0,-9.3,0.3,6.0,25.0,0.0,0.125,0.058,4.2,0.533,0.552,0.231,0.238,103.01,103.63,86.36,68,0.138,18.0
21801194,1610612741,CHI,Chicago,1627215,Walt Lemon Jr.,Walt,G,,30.000000:01,87.9,87.1,115.6,117.7,-27.6,-30.6,0.294,2.5,21.7,0.0,0.276,0.125,8.7,0.25,0.25,0.269,0.275,99.59,99.14,82.62,62,0.059,17.0
21801155,1610612741,CHI,Chicago,1627215,Walt Lemon Jr.,Walt,G,,30.000000:40,106.7,107.9,106.0,106.5,0.7,1.5,0.2,0.0,29.4,0.026,0.037,0.03,0.0,0.25,0.241,0.158,0.165,98.61,97.83,81.52,63,0.027,4.0
21801224,1610612741,CHI,Chicago,1627215,Walt Lemon Jr.,Walt,,,28.000000:17,106.6,112.1,128.4,126.3,-21.8,-14.2,0.235,2.0,16.0,0.061,0.143,0.098,8.0,0.526,0.526,0.304,0.314,99.32,97.58,81.32,58,0.115,7.0
21801213,1610612741,CHI,Chicago,1627215,Walt Lemon Jr.,Walt,,,18.000000:13,94.5,94.4,96.5,91.7,-1.9,2.8,0.222,2.0,15.4,0.05,0.143,0.098,7.7,0.333,0.436,0.275,0.282,92.43,94.86,79.05,36,0.077,20.0
21801167,1610612741,CHI,Chicago,1627215,Walt Lemon Jr.,Walt,G,,28.000000:56,107.8,109.4,99.1,103.1,8.7,6.3,0.444,2.0,27.6,0.0,0.094,0.055,13.8,0.688,0.711,0.3,0.305,109.13,106.18,88.48,64,0.217,4.0
