GAME_ID,TEAM_ID,TEAM_ABBREVIATION,TEAM_CITY,PLAYER_ID,PLAYER_NAME,NICKNAME,START_POSITION,COMMENT,MIN,E_OFF_RATING,OFF_RATING,E_DEF_RATING,DEF_RATING,E_NET_RATING,NET_RATING,AST_PCT,AST_TOV,AST_RATIO,OREB_PCT,DREB_PCT,REB_PCT,TM_TOV_PCT,EFG_PCT,TS_PCT,USG_PCT,E_USG_PCT,E_PACE,PACE,PACE_PER40,POSS,PIE,Unnamed: 0
21801220,1610612737,ATL,Atlanta,1629353,Isaac Humphries,Isaac,,,1.000000:21,154.6,150.0,172.4,200.0,-17.8,-50.0,0.0,0.0,0.0,0.5,0.0,0.333,0.0,1.0,1.0,0.2,0.205,151.47,142.22,118.52,4,0.2,24.0
21801181,1610612737,ATL,Atlanta,1629353,Isaac Humphries,Isaac,,,14.000000:37,99.4,100.0,98.5,97.1,0.9,2.9,0.0,0.0,0.0,0.0,0.063,0.031,0.0,0.5,0.5,0.077,0.077,114.48,114.94,95.78,35,0.016,6.0
21801168,1610612737,ATL,Atlanta,1629353,Isaac Humphries,Isaac,,,4.000000:59,88.3,83.3,117.3,118.2,-29.0,-34.8,0.0,0.0,0.0,0.0,0.0,0.0,0.0,0.0,0.0,0.167,0.177,107.88,110.77,92.31,12,-0.188,23.0
21801162,1610612737,ATL,Atlanta,1629353,Isaac Humphries,Isaac,,,18.000000:19,98.1,100.0,97.3,95.1,0.8,4.9,0.0,0.0,0.0,0.083,0.158,0.116,0.0,0.222,0.222,0.188,0.192,105.92,106.13,88.44,40,0.0,8.0
21801202,1610612737,ATL,Atlanta,1629353,Isaac Humphries,Isaac,F,,17.000000:10,89.7,92.1,137.5,142.1,-47.7,-50.0,0.0,0.0,0.0,0.037,0.214,0.098,0.0,0.5,0.5,0.136,0.14,109.44,106.25,88.54,38,0.043,1.0
