GAME_ID,TEAM_ID,TEAM_ABBREVIATION,TEAM_CITY,PLAYER_ID,PLAYER_NAME,NICKNAME,START_POSITION,COMMENT,MIN,E_OFF_RATING,OFF_RATING,E_DEF_RATING,DEF_RATING,E_NET_RATING,NET_RATING,AST_PCT,AST_TOV,AST_RATIO,OREB_PCT,DREB_PCT,REB_PCT,TM_TOV_PCT,EFG_PCT,TS_PCT,USG_PCT,E_USG_PCT,E_PACE,PACE,PACE_PER40,POSS,PIE,Unnamed: 0
21801208,1610612747,LAL,Los Angeles,1629203,Jemerrio Jones,Jemerrio,F,,37.000000:37,104.6,109.3,104.9,103.9,-0.3,5.4,0.167,5.0,45.5,0.079,0.31,0.2,9.1,0.5,0.5,0.065,0.065,98.64,96.98,80.82,75,0.144,12.0
21801192,1610612747,LAL,Los Angeles,1629203,Jemerrio Jones,Jemerrio,,,25.000000:22,131.4,129.6,113.4,114.8,18.0,14.8,0.087,2.0,22.2,0.154,0.214,0.185,11.1,0.4,0.425,0.111,0.114,102.14,102.18,85.15,54,0.06,8.0
21801179,1610612747,LAL,Los Angeles,1629203,Jemerrio Jones,Jemerrio,,,27.000000:09,102.6,108.6,69.8,70.2,32.8,38.4,0.13,1.5,25.0,0.061,0.139,0.101,16.7,0.286,0.286,0.122,0.124,104.95,101.66,84.71,58,0.076,20.0
21801219,1610612747,LAL,Los Angeles,1629203,Jemerrio Jones,Jemerrio,F,,46.000000:29,101.6,104.2,102.3,106.3,-0.8,-2.0,0.088,3.0,17.6,0.111,0.176,0.143,5.9,0.423,0.423,0.121,0.122,101.8,98.62,82.18,95,0.105,13.0
21801147,1610612747,LAL,Los Angeles,1629203,Jemerrio Jones,Jemerrio,,,5.000000:26,71.4,71.4,78.3,80.0,-6.9,-8.6,0.0,0.0,0.0,0.143,0.0,0.071,0.0,0.5,0.5,0.133,0.133,129.51,128.1,106.75,14,0.132,10.0
21801161,1610612747,LAL,Los Angeles,1629203,Jemerrio Jones,Jemerrio,,,1.000000:04,0.0,0.0,0.0,0.0,0.0,0.0,0.0,0.0,0.0,0.0,0.0,0.0,0.0,0.0,0.0,0.5,0.5,67.5,112.5,93.75,2,-2.0,9.0
