GAME_ID,TEAM_ID,TEAM_ABBREVIATION,TEAM_CITY,PLAYER_ID,PLAYER_NAME,NICKNAME,START_POSITION,COMMENT,MIN,E_OFF_RATING,OFF_RATING,E_DEF_RATING,DEF_RATING,E_NET_RATING,NET_RATING,AST_PCT,AST_TOV,AST_RATIO,OREB_PCT,DREB_PCT,REB_PCT,TM_TOV_PCT,EFG_PCT,TS_PCT,USG_PCT,E_USG_PCT,E_PACE,PACE,PACE_PER40,POSS,PIE,Unnamed: 0
21800012,1610612746,LAC,LA,201601,Luc Mbah a Moute,Luc,,,9.000000:13,72.9,64.0,130.1,121.7,-57.3,-57.7,0.2,0.0,14.3,0.063,0.0,0.042,0.0,0.0,0.0,0.214,0.24,113.22,124.99,104.16,25,-0.155,21.0
21800039,1610612746,LAC,LA,201601,Luc Mbah a Moute,Luc,,,16.000000:34,126.0,124.3,95.9,97.4,30.1,26.9,0.067,0.0,14.3,0.0,0.091,0.054,0.0,0.583,0.621,0.143,0.148,110.37,110.13,91.78,37,0.094,20.0
21800025,1610612746,LAC,LA,201601,Luc Mbah a Moute,Luc,,,19.000000:00,111.8,111.9,79.0,78.0,32.8,33.9,0.0,0.0,0.0,0.0,0.033,0.022,25.0,1.167,1.167,0.089,0.093,104.29,104.84,87.37,42,0.098,21.0
21800050,1610612746,LAC,LA,201601,Luc Mbah a Moute,Luc,,,16.000000:13,113.0,113.5,113.4,110.5,-0.4,3.0,0.0,0.0,0.0,0.077,0.118,0.1,16.7,0.5,0.512,0.146,0.153,109.78,110.96,92.47,37,-0.008,9.0
