GAME_ID,TEAM_ID,TEAM_ABBREVIATION,TEAM_CITY,PLAYER_ID,PLAYER_NAME,NICKNAME,START_POSITION,COMMENT,MIN,E_OFF_RATING,OFF_RATING,E_DEF_RATING,DEF_RATING,E_NET_RATING,NET_RATING,AST_PCT,AST_TOV,AST_RATIO,OREB_PCT,DREB_PCT,REB_PCT,TM_TOV_PCT,EFG_PCT,TS_PCT,USG_PCT,E_USG_PCT,E_PACE,PACE,PACE_PER40,POSS,PIE,Unnamed: 0
21801144,1610612756,PHX,Phoenix,202690,Jimmer Fredette,Jimmer,,DNP - Coach's Decision,,,0.0,,0.0,,0.0,,,,0.0,0.0,0.0,,,,0.0,0.0,,,,0,,22.0
21801120,1610612756,PHX,Phoenix,202690,Jimmer Fredette,Jimmer,,DNP - Coach's Decision,,,0.0,,0.0,,0.0,,,,0.0,0.0,0.0,,,,0.0,0.0,,,,0,,23.0
21801094,1610612756,PHX,Phoenix,202690,Jimmer Fredette,Jimmer,,,4.000000:21,11.3,10.0,84.7,88.9,-73.5,-78.9,0.0,0.0,0.0,0.0,0.333,0.143,50.0,0.0,0.0,0.182,0.202,101.08,104.83,87.36,10,-0.5,9.0
21801105,1610612756,PHX,Phoenix,202690,Jimmer Fredette,Jimmer,,,14.000000:22,63.6,66.7,141.2,138.2,-77.6,-71.6,0.25,0.5,6.7,0.0,0.077,0.029,13.3,0.1,0.255,0.4,0.393,113.4,111.93,93.27,33,-0.07,9.0
21801189,1610612756,PHX,Phoenix,202690,Jimmer Fredette,Jimmer,,DNP - Coach's Decision,,,0.0,,0.0,,0.0,,,,0.0,0.0,0.0,,,,0.0,0.0,,,,0,,22.0
21801200,1610612756,PHX,Phoenix,202690,Jimmer Fredette,Jimmer,,,5.000000:09,124.5,144.4,148.3,140.0,-23.8,4.4,0.167,0.0,50.0,0.25,0.0,0.083,0.0,0.0,0.0,0.091,0.087,92.64,88.54,73.79,9,0.02,8.0
21801216,1610612756,PHX,Phoenix,202690,Jimmer Fredette,Jimmer,,,13.000000:19,102.6,106.7,87.7,83.3,14.9,23.3,0.333,4.0,50.0,0.0,0.091,0.056,12.5,0.0,0.0,0.125,0.128,107.63,108.14,90.11,30,0.043,8.0
21801174,1610612756,PHX,Phoenix,202690,Jimmer Fredette,Jimmer,,,21.000000:43,92.9,91.3,135.4,134.0,-42.5,-42.7,0.077,1.0,7.7,0.0,0.083,0.026,7.7,0.455,0.455,0.231,0.239,101.36,102.78,85.65,46,0.05,21.0
21801160,1610612756,PHX,Phoenix,202690,Jimmer Fredette,Jimmer,,,5.000000:52,155.7,158.3,83.3,83.3,72.4,75.0,0.2,0.0,20.0,0.0,0.0,0.0,0.0,0.667,0.773,0.333,0.328,99.0,98.18,81.82,12,0.214,22.0
