GAME_ID,TEAM_ID,TEAM_ABBREVIATION,TEAM_CITY,PLAYER_ID,PLAYER_NAME,NICKNAME,START_POSITION,COMMENT,MIN,E_OFF_RATING,OFF_RATING,E_DEF_RATING,DEF_RATING,E_NET_RATING,NET_RATING,AST_PCT,AST_TOV,AST_RATIO,OREB_PCT,DREB_PCT,REB_PCT,TM_TOV_PCT,EFG_PCT,TS_PCT,USG_PCT,E_USG_PCT,E_PACE,PACE,PACE_PER40,POSS,PIE,Unnamed: 0
21801034,1610612737,ATL,Atlanta,203092,Tyler Zeller,Tyler,,DNP - Coach's Decision,,,0.0,,0.0,,0.0,,,,0.0,0.0,0.0,,,,0.0,0.0,,,,0,,12.0
21801187,1610612763,MEM,Memphis,203092,Tyler Zeller,Tyler,,,17.000000:55,123.6,118.4,107.7,112.8,15.9,5.6,0.0,0.0,0.0,0.1,0.043,0.07,0.0,0.5,0.644,0.182,0.193,103.47,103.14,85.95,38,0.088,6.0
21801225,1610612763,MEM,Memphis,203092,Tyler Zeller,Tyler,,,18.000000:42,111.0,115.8,107.3,107.9,3.7,7.9,0.0,0.0,0.0,0.12,0.056,0.093,11.1,0.5,0.515,0.191,0.193,99.9,97.54,81.28,38,0.034,17.0
21800995,1610612737,ATL,Atlanta,203092,Tyler Zeller,Tyler,,DNP - Coach's Decision,,,0.0,,0.0,,0.0,,,,0.0,0.0,0.0,,,,0.0,0.0,,,,0,,25.0
21801046,1610612737,ATL,Atlanta,203092,Tyler Zeller,Tyler,,DNP - Coach's Decision,,,0.0,,0.0,,0.0,,,,0.0,0.0,0.0,,,,0.0,0.0,,,,0,,12.0
21800987,1610612737,ATL,Atlanta,203092,Tyler Zeller,Tyler,,,7.000000:00,74.5,73.3,84.4,81.3,-9.9,-7.9,0.0,0.0,0.0,0.143,0.222,0.174,0.0,0.0,0.0,0.1,0.101,103.41,106.29,88.57,15,-0.118,23.0
21801201,1610612763,MEM,Memphis,203092,Tyler Zeller,Tyler,,,26.000000:08,125.2,122.8,101.2,98.2,24.0,24.6,0.0,0.0,0.0,0.107,0.071,0.089,0.0,0.667,0.697,0.172,0.181,100.35,102.84,85.7,57,0.092,16.0
21801016,1610612737,ATL,Atlanta,203092,Tyler Zeller,Tyler,,,3.000000:39,67.6,66.7,138.9,120.0,-71.3,-53.3,0.5,0.0,100.0,0.0,0.667,0.286,0.0,0.0,0.0,0.0,0.0,115.2,124.93,104.11,9,0.065,22.0
21801210,1610612763,MEM,Memphis,203092,Tyler Zeller,Tyler,C,,19.000000:27,115.3,116.2,110.7,116.2,4.6,0.0,0.273,1.0,18.8,0.071,0.2,0.154,18.8,0.571,0.674,0.317,0.323,93.96,91.34,76.12,37,0.135,2.0
