GAME_ID,TEAM_ID,TEAM_ABBREVIATION,TEAM_CITY,PLAYER_ID,PLAYER_NAME,NICKNAME,START_POSITION,COMMENT,MIN,E_OFF_RATING,OFF_RATING,E_DEF_RATING,DEF_RATING,E_NET_RATING,NET_RATING,AST_PCT,AST_TOV,AST_RATIO,OREB_PCT,DREB_PCT,REB_PCT,TM_TOV_PCT,EFG_PCT,TS_PCT,USG_PCT,E_USG_PCT,E_PACE,PACE,PACE_PER40,POSS,PIE,Unnamed: 0
21801194,1610612741,CHI,Chicago,203960,JaKarr Sampson,JaKarr,,,35.000000:18,100.6,100.0,119.5,122.5,-18.9,-22.5,0.063,0.0,4.8,0.027,0.184,0.107,0.0,0.676,0.722,0.263,0.268,96.82,95.86,79.89,70,0.22,18.0
21801155,1610612741,CHI,Chicago,203960,JaKarr Sampson,JaKarr,,,29.000000:40,116.0,116.7,129.0,130.0,-13.0,-13.3,0.0,0.0,0.0,0.0,0.304,0.132,7.1,0.85,0.87,0.209,0.214,97.76,97.08,80.9,60,0.187,6.0
21801213,1610612741,CHI,Chicago,203960,JaKarr Sampson,JaKarr,,,32.000000:57,91.6,93.9,85.4,83.3,6.2,10.6,0.059,1.0,5.0,0.024,0.175,0.098,5.0,0.281,0.31,0.257,0.261,96.2,96.15,80.12,66,0.05,16.0
21801167,1610612741,CHI,Chicago,203960,JaKarr Sampson,JaKarr,,,29.000000:21,115.4,120.3,97.2,103.1,18.2,17.2,0.08,1.0,11.8,0.111,0.162,0.141,11.8,0.636,0.705,0.205,0.206,110.1,104.67,87.22,64,0.151,6.0
