GAME_ID,TEAM_ID,TEAM_ABBREVIATION,TEAM_CITY,PLAYER_ID,PLAYER_NAME,NICKNAME,START_POSITION,COMMENT,MIN,E_OFF_RATING,OFF_RATING,E_DEF_RATING,DEF_RATING,E_NET_RATING,NET_RATING,AST_PCT,AST_TOV,AST_RATIO,OREB_PCT,DREB_PCT,REB_PCT,TM_TOV_PCT,EFG_PCT,TS_PCT,USG_PCT,E_USG_PCT,E_PACE,PACE,PACE_PER40,POSS,PIE,Unnamed: 0
22101119,1610612740,NOP,New Orleans,1627820,Tyrone Wallace,Tyrone,,DNP - Coach's Decision,,,0.0,,0.0,,0.0,,,,0.0,0.0,0.0,,,,0.0,0.0,,,,0,,27.0
22101054,1610612740,NOP,New Orleans,1627820,Tyrone Wallace,Tyrone,,,17.000000:38,114.3,110.5,110.3,113.5,4.0,-3.0,0.067,1.0,14.3,0.0,0.063,0.029,14.3,0.3,0.3,0.133,0.14,101.86,102.08,85.07,38,0.0,8.0
22101032,1610612740,NOP,New Orleans,1627820,Tyrone Wallace,Tyrone,,,16.000000:11,114.6,112.1,131.3,133.3,-16.6,-21.2,0.0,0.0,0.0,0.0,0.154,0.074,0.0,0.333,0.387,0.108,0.11,97.58,97.88,81.57,33,-0.007,21.0
22101017,1610612740,NOP,New Orleans,1627820,Tyrone Wallace,Tyrone,,,19.000000:34,120.3,122.5,114.4,114.6,5.9,7.9,0.0,0.0,0.0,0.0,0.118,0.053,0.0,0.583,0.478,0.146,0.147,100.33,99.35,82.79,40,0.023,21.0
22101001,1610612740,NOP,New Orleans,1627820,Tyrone Wallace,Tyrone,,DNP - Coach's Decision,,,0.0,,0.0,,0.0,,,,0.0,0.0,0.0,,,,0.0,0.0,,,,0,,23.0
22101107,1610612740,NOP,New Orleans,1627820,Tyrone Wallace,Tyrone,,DNP - Coach's Decision,,,0.0,,0.0,,0.0,,,,0.0,0.0,0.0,,,,0.0,0.0,,,,0,,25.0
22101098,1610612740,NOP,New Orleans,1627820,Tyrone Wallace,Tyrone,,,2.000000:43,133.1,150.0,100.0,85.7,33.1,64.3,0.0,0.0,0.0,0.0,1.0,0.2,0.0,0.0,0.0,0.0,0.0,112.73,114.85,95.71,6,0.061,22.0
22101064,1610612740,NOP,New Orleans,1627820,Tyrone Wallace,Tyrone,,,9.000000:24,79.7,73.9,141.0,136.4,-61.2,-62.5,0.0,0.0,0.0,0.0,0.333,0.133,0.0,0.5,0.5,0.16,0.179,108.77,114.89,95.74,23,0.098,9.0
22101071,1610612740,NOP,New Orleans,1627820,Tyrone Wallace,Tyrone,,,9.000000:25,124.4,123.5,112.6,126.3,11.8,-2.8,0.0,0.0,0.0,0.0,0.0,0.0,33.3,0.0,0.0,0.136,0.144,97.31,91.7,76.42,17,-0.079,9.0
