GAME_ID,TEAM_ID,TEAM_ABBREVIATION,TEAM_CITY,PLAYER_ID,PLAYER_NAME,NICKNAME,START_POSITION,COMMENT,MIN,E_OFF_RATING,OFF_RATING,E_DEF_RATING,DEF_RATING,E_NET_RATING,NET_RATING,AST_PCT,AST_TOV,AST_RATIO,OREB_PCT,DREB_PCT,REB_PCT,TM_TOV_PCT,EFG_PCT,TS_PCT,USG_PCT,E_USG_PCT,E_PACE,PACE,PACE_PER40,POSS,PIE,Unnamed: 0
22101185,1610612760,OKC,Oklahoma City,1629658,Jaylen Hoard,Jaylen,F,,45.000000:35,106.9,104.3,95.6,95.6,11.3,8.7,0.111,1.5,12.0,0.156,0.311,0.233,8.0,0.676,0.611,0.208,0.214,95.21,96.35,80.29,92,0.196,13.0
22101157,1610612760,OKC,Oklahoma City,1629658,Jaylen Hoard,Jaylen,F,,40.000000:03,97.4,98.8,116.6,116.9,-19.2,-18.1,0.12,0.0,23.1,0.13,0.326,0.225,0.0,0.611,0.557,0.104,0.106,99.63,98.86,82.39,82,0.15,13.0
22101194,1610612760,OKC,Oklahoma City,1629658,Jaylen Hoard,Jaylen,F,,36.000000:15,103.7,107.0,142.3,140.3,-38.5,-33.2,0.15,3.0,13.6,0.05,0.091,0.068,4.5,0.618,0.628,0.241,0.24,95.52,94.68,78.9,71,0.099,1.0
22101222,1610612760,OKC,Oklahoma City,1629658,Jaylen Hoard,Jaylen,F,,45.000000:13,88.5,89.4,138.7,140.4,-50.3,-51.1,0.103,3.0,12.5,0.103,0.214,0.15,4.2,0.325,0.342,0.196,0.2,100.91,99.79,83.16,94,0.064,1.0
22101211,1610612760,OKC,Oklahoma City,1629658,Jaylen Hoard,Jaylen,F,,46.000000:50,100.7,101.0,119.8,122.4,-19.2,-21.4,0.154,2.0,13.8,0.118,0.25,0.179,6.9,0.587,0.587,0.227,0.233,101.73,100.44,83.7,98,0.164,1.0
22100522,1610612760,OKC,Oklahoma City,1629658,Jaylen Hoard,Jaylen,,,1.000000:50,0.0,0.0,100.0,100.0,-100.0,-100.0,0.0,0.0,0.0,0.25,0.2,0.222,0.0,0.0,0.0,0.2,0.25,91.64,104.73,87.27,4,-1.0,12.0
22101174,1610612760,OKC,Oklahoma City,1629658,Jaylen Hoard,Jaylen,,,23.000000:48,130.7,128.0,93.7,90.2,37.0,37.8,0.043,0.5,14.3,0.087,0.08,0.083,28.6,0.333,0.515,0.097,0.098,98.86,101.85,84.87,50,0.019,23.0
22100550,1610612760,OKC,Oklahoma City,1629658,Jaylen Hoard,Jaylen,,DNP - Coach's Decision,,,0.0,,0.0,,0.0,,,,0.0,0.0,0.0,,,,0.0,0.0,,,,0,,24.0
