GAME_ID,TEAM_ID,TEAM_ABBREVIATION,TEAM_CITY,PLAYER_ID,PLAYER_NAME,NICKNAME,START_POSITION,COMMENT,MIN,E_OFF_RATING,OFF_RATING,E_DEF_RATING,DEF_RATING,E_NET_RATING,NET_RATING,AST_PCT,AST_TOV,AST_RATIO,OREB_PCT,DREB_PCT,REB_PCT,TM_TOV_PCT,EFG_PCT,TS_PCT,USG_PCT,E_USG_PCT,E_PACE,PACE,PACE_PER40,POSS,PIE,Unnamed: 0
22100477,1610612753,ORL,Orlando,1629168,BJ Johnson,BJ,,,7.000000:51,86.0,85.7,106.1,93.3,-20.1,-7.6,0.0,0.0,0.0,0.091,0.125,0.105,0.0,0.0,0.0,0.278,0.278,83.04,88.66,73.89,14,-0.219,19.0
22100470,1610612753,ORL,Orlando,1629168,BJ Johnson,BJ,,,16.000000:23,130.8,133.3,111.9,106.1,18.9,27.3,0.0,0.0,0.0,0.091,0.143,0.125,0.0,1.0,1.0,0.2,0.202,95.1,96.68,80.57,33,0.226,8.0
22100442,1610612753,ORL,Orlando,1629168,BJ Johnson,BJ,,,20.000000:02,82.4,88.1,102.8,104.7,-20.4,-16.6,0.0,0.0,0.0,0.091,0.12,0.106,0.0,0.438,0.438,0.167,0.167,106.19,101.83,84.86,42,0.095,5.0
22100433,1610612753,ORL,Orlando,1629168,BJ Johnson,BJ,,,20.000000:20,104.9,102.4,133.7,135.0,-28.8,-32.6,0.0,0.0,0.0,0.091,0.1,0.095,0.0,0.5,0.5,0.106,0.114,96.1,96.81,80.68,42,0.016,18.0
