GAME_ID,TEAM_ID,TEAM_ABBREVIATION,TEAM_CITY,PLAYER_ID,PLAYER_NAME,NICKNAME,START_POSITION,COMMENT,MIN,E_OFF_RATING,OFF_RATING,E_DEF_RATING,DEF_RATING,E_NET_RATING,NET_RATING,AST_PCT,AST_TOV,AST_RATIO,OREB_PCT,DREB_PCT,REB_PCT,TM_TOV_PCT,EFG_PCT,TS_PCT,USG_PCT,E_USG_PCT,E_PACE,PACE,PACE_PER40,POSS,PIE,Unnamed: 0
22101190,1610612765,DET,Detroit,1629035,Carsen Edwards,Carsen,,,9.000000:39,115.5,119.0,128.1,119.0,-12.5,0.0,0.0,0.0,0.0,0.0,0.0,0.0,33.3,0.0,0.0,0.13,0.127,102.37,104.46,87.05,21,-0.058,22.0
22101169,1610612765,DET,Detroit,1629035,Carsen Edwards,Carsen,,,30.000000:40,89.8,93.8,94.5,98.5,-4.7,-4.6,0.5,9.0,36.0,0.026,0.048,0.037,4.0,0.4,0.421,0.211,0.213,106.18,101.74,84.78,65,0.124,6.0
22101228,1610612765,DET,Detroit,1629035,Carsen Edwards,Carsen,,,25.000000:37,89.2,94.1,118.2,121.2,-29.1,-27.0,0.25,1.33,25.0,0.037,0.0,0.019,18.8,0.278,0.278,0.194,0.191,100.36,96.5,80.42,51,-0.005,9.0
22101203,1610612765,DET,Detroit,1629035,Carsen Edwards,Carsen,,,13.000000:14,160.3,160.7,126.8,134.5,33.5,26.2,0.077,0.0,20.0,0.0,0.167,0.077,0.0,0.625,0.625,0.118,0.117,106.71,103.38,86.15,28,0.055,24.0
