GAME_ID,TEAM_ID,TEAM_ABBREVIATION,TEAM_CITY,PLAYER_ID,PLAYER_NAME,NICKNAME,START_POSITION,COMMENT,MIN,E_OFF_RATING,OFF_RATING,E_DEF_RATING,DEF_RATING,E_NET_RATING,NET_RATING,AST_PCT,AST_TOV,AST_RATIO,OREB_PCT,DREB_PCT,REB_PCT,TM_TOV_PCT,EFG_PCT,TS_PCT,USG_PCT,E_USG_PCT,E_PACE,PACE,PACE_PER40,POSS,PIE,Unnamed: 0
22100012,1610612743,DEN,Denver,1629008,Michael Porter Jr.,Michael,F,,33.000000:60,118.2,116.7,83.7,83.3,34.5,33.3,0.172,2.5,29.4,0.04,0.116,0.088,11.8,0.7,0.718,0.158,0.16,100.81,101.66,84.71,72,0.143,0.0
22100048,1610612743,DEN,Denver,1629008,Michael Porter Jr.,Michael,F,,27.000000:18,79.8,79.3,97.9,94.9,-18.1,-15.6,0.2,1.5,15.8,0.063,0.083,0.074,10.5,0.393,0.393,0.242,0.248,100.96,102.86,85.72,58,0.056,15.0
22100114,1610612743,DEN,Denver,1629008,Michael Porter Jr.,Michael,F,,35.000000:17,108.3,108.5,99.4,100.0,8.9,8.5,0.0,0.0,0.0,0.059,0.273,0.164,14.3,0.5,0.482,0.173,0.177,96.24,95.92,79.93,71,0.092,0.0
22100100,1610612743,DEN,Denver,1629008,Michael Porter Jr.,Michael,F,,36.000000:09,99.1,102.7,94.4,97.3,4.6,5.4,0.115,3.0,20.0,0.0,0.186,0.095,6.7,0.444,0.465,0.15,0.149,102.27,98.92,82.43,74,0.097,0.0
22100075,1610612743,DEN,Denver,1629008,Michael Porter Jr.,Michael,F,,24.000000:46,96.3,96.4,74.0,74.1,22.3,22.4,0.056,0.5,6.7,0.0,0.1,0.058,13.3,0.458,0.482,0.241,0.245,106.72,106.57,88.81,56,0.09,14.0
22100087,1610612743,DEN,Denver,1629008,Michael Porter Jr.,Michael,F,,34.000000:35,99.6,102.9,86.9,88.2,12.7,14.7,0.125,3.0,15.8,0.081,0.225,0.156,5.3,0.214,0.235,0.195,0.202,96.71,94.38,78.65,68,0.063,0.0
22100133,1610612743,DEN,Denver,1629008,Michael Porter Jr.,Michael,F,,7.000000:10,114.3,114.3,57.1,53.3,57.1,61.0,0.0,0.0,0.0,0.0,0.571,0.308,0.0,0.25,0.25,0.286,0.286,93.77,97.12,80.93,14,0.107,13.0
22100054,1610612743,DEN,Denver,1629008,Michael Porter Jr.,Michael,F,,38.000000:38,118.1,119.0,117.9,119.5,0.2,-0.5,0.061,2.0,9.5,0.03,0.211,0.127,4.8,0.361,0.361,0.211,0.214,104.24,103.12,85.94,84,0.049,0.0
22100024,1610612743,DEN,Denver,1629008,Michael Porter Jr.,Michael,F,,27.000000:10,99.5,98.3,103.1,101.8,-3.6,-3.4,0.0,0.0,0.0,0.0,0.048,0.021,9.1,0.35,0.35,0.164,0.168,101.24,102.48,85.4,59,-0.031,14.0
