GAME_ID,TEAM_ID,TEAM_ABBREVIATION,TEAM_CITY,PLAYER_ID,PLAYER_NAME,NICKNAME,START_POSITION,COMMENT,MIN,E_OFF_RATING,OFF_RATING,E_DEF_RATING,DEF_RATING,E_NET_RATING,NET_RATING,AST_PCT,AST_TOV,AST_RATIO,OREB_PCT,DREB_PCT,REB_PCT,TM_TOV_PCT,EFG_PCT,TS_PCT,USG_PCT,E_USG_PCT,E_PACE,PACE,PACE_PER40,POSS,PIE,Unnamed: 0
22100477,1610612753,ORL,Orlando,1630758,Aleem Ford,Aleem,,,7.000000:53,57.6,57.1,145.3,133.3,-87.7,-76.2,0.0,0.0,0.0,0.0,0.625,0.294,33.3,0.0,0.0,0.2,0.202,84.15,88.29,73.57,14,0.0,16.0
22100470,1610612753,ORL,Orlando,1630758,Aleem Ford,Aleem,,,21.000000:32,100.1,100.0,123.9,125.6,-23.8,-25.6,0.071,1.0,12.5,0.045,0.12,0.085,12.5,0.333,0.333,0.146,0.152,95.38,94.75,78.96,42,0.006,9.0
22100442,1610612753,ORL,Orlando,1630758,Aleem Ford,Aleem,,,17.000000:48,113.6,111.1,134.4,135.1,-20.8,-24.0,0.0,0.0,0.0,0.059,0.045,0.051,25.0,0.667,0.667,0.195,0.204,97.62,98.43,82.02,36,0.052,8.0
22100493,1610612753,ORL,Orlando,1630758,Aleem Ford,Aleem,,,19.000000:33,81.2,81.1,84.6,83.8,-3.4,-2.7,0.091,0.0,25.0,0.0,0.174,0.098,0.0,0.0,0.0,0.071,0.075,90.35,90.84,75.7,37,0.0,6.0
22100433,1610612753,ORL,Orlando,1630758,Aleem Ford,Aleem,,,6.000000:46,158.2,153.8,153.8,153.8,4.4,0.0,0.0,0.0,0.0,0.0,0.0,0.0,0.0,0.333,0.333,0.188,0.205,90.94,92.22,76.85,13,0.026,20.0
