GAME_ID,TEAM_ID,TEAM_ABBREVIATION,TEAM_CITY,PLAYER_ID,PLAYER_NAME,NICKNAME,START_POSITION,COMMENT,MIN,E_OFF_RATING,OFF_RATING,E_DEF_RATING,DEF_RATING,E_NET_RATING,NET_RATING,AST_PCT,AST_TOV,AST_RATIO,OREB_PCT,DREB_PCT,REB_PCT,TM_TOV_PCT,EFG_PCT,TS_PCT,USG_PCT,E_USG_PCT,E_PACE,PACE,PACE_PER40,POSS,PIE,Unnamed: 0
22100558,1610612743,DEN,Denver,1630637,Carlik Jones,Carlik,,,2.000000:12,194.0,150.0,160.0,160.0,34.0,-10.0,0.0,0.0,0.0,0.0,0.0,0.0,0.0,1.0,1.0,0.167,0.216,105.16,120.0,100.0,6,0.133,12.0
22100506,1610612742,DAL,Dallas,1630637,Carlik Jones,Carlik,,,4.000000:38,71.7,77.8,148.8,150.0,-77.1,-72.2,1.0,1.0,25.0,0.0,0.0,0.0,25.0,0.0,0.532,0.273,0.279,102.77,98.42,82.01,9,0.095,13.0
22100481,1610612742,DAL,Dallas,1630637,Carlik Jones,Carlik,,,9.000000:10,72.3,71.4,69.3,63.6,2.9,7.8,0.5,3.0,50.0,0.0,0.118,0.067,16.7,0.0,0.0,0.125,0.132,107.24,112.58,93.82,21,0.074,21.0
22100531,1610612742,DAL,Dallas,1630637,Carlik Jones,Carlik,,,5.000000:26,84.6,75.0,124.7,138.5,-40.1,-63.5,0.5,1.0,16.7,0.167,0.0,0.083,16.7,0.0,0.0,0.385,0.43,110.95,110.6,92.17,12,-0.102,9.0
22100492,1610612742,DAL,Dallas,1630637,Carlik Jones,Carlik,,DNP - Coach's Decision,,,0.0,,0.0,,0.0,,,,0.0,0.0,0.0,,,,0.0,0.0,,,,0,,11.0
22100524,1610612742,DAL,Dallas,1630637,Carlik Jones,Carlik,,DNP - Coach's Decision,,,0.0,,0.0,,0.0,,,,0.0,0.0,0.0,,,,0.0,0.0,,,,0,,12.0
22100543,1610612743,DEN,Denver,1630637,Carlik Jones,Carlik,,,1.000000:50,180.4,140.0,245.9,240.0,-65.5,-100.0,0.0,0.0,0.0,0.0,0.0,0.0,0.0,0.0,0.0,0.2,0.258,114.68,130.91,109.09,5,-0.053,11.0
