GAME_ID,TEAM_ID,TEAM_ABBREVIATION,TEAM_CITY,PLAYER_ID,PLAYER_NAME,NICKNAME,START_POSITION,COMMENT,MIN,E_OFF_RATING,OFF_RATING,E_DEF_RATING,DEF_RATING,E_NET_RATING,NET_RATING,AST_PCT,AST_TOV,AST_RATIO,OREB_PCT,DREB_PCT,REB_PCT,TM_TOV_PCT,EFG_PCT,TS_PCT,USG_PCT,E_USG_PCT,E_PACE,PACE,PACE_PER40,POSS,PIE,Unnamed: 0
22101136,1610612742,DAL,Dallas,202688,Brandon Knight,Brandon,,,6.000000:52,60.8,62.5,128.6,128.6,-67.7,-66.1,0.0,0.0,0.0,0.0,0.0,0.0,0.0,0.25,0.25,0.25,0.243,106.42,104.88,87.4,16,-0.04,8.0
22101152,1610612742,DAL,Dallas,202688,Brandon Knight,Brandon,,,3.000000:11,57.1,57.1,133.3,114.3,-76.2,-57.1,0.0,0.0,0.0,0.0,0.5,0.125,0.0,0.0,0.0,0.125,0.125,98.01,105.55,87.96,7,0.0,11.0
22100506,1610612742,DAL,Dallas,202688,Brandon Knight,Brandon,,,24.000000:22,134.2,139.2,109.7,111.5,24.5,27.7,0.25,2.5,23.8,0.0,0.111,0.065,9.5,0.583,0.654,0.271,0.272,104.18,101.42,84.52,51,0.17,7.0
22101167,1610612742,DAL,Dallas,202688,Brandon Knight,Brandon,,DNP - Coach's Decision,,,0.0,,0.0,,0.0,,,,0.0,0.0,0.0,,,,0.0,0.0,,,,0,,10.0
22100481,1610612742,DAL,Dallas,202688,Brandon Knight,Brandon,,,9.000000:35,71.8,71.4,50.6,50.0,21.2,21.4,0.0,0.0,0.0,0.0,0.111,0.063,0.0,0.25,0.25,0.174,0.175,101.78,102.68,85.57,21,0.0,20.0
22100492,1610612742,DAL,Dallas,202688,Brandon Knight,Brandon,,,20.000000:32,96.4,100.0,118.3,119.6,-21.9,-19.6,0.3,1.5,27.3,0.0,0.069,0.042,18.2,0.75,0.868,0.17,0.172,106.44,104.01,86.67,43,0.129,7.0
