GAME_ID,TEAM_ID,TEAM_ABBREVIATION,TEAM_CITY,PLAYER_ID,PLAYER_NAME,NICKNAME,START_POSITION,COMMENT,MIN,E_OFF_RATING,OFF_RATING,E_DEF_RATING,DEF_RATING,E_NET_RATING,NET_RATING,AST_PCT,AST_TOV,AST_RATIO,OREB_PCT,DREB_PCT,REB_PCT,TM_TOV_PCT,EFG_PCT,TS_PCT,USG_PCT,E_USG_PCT,E_PACE,PACE,PACE_PER40,POSS,PIE,Unnamed: 0
22100429,1610612751,BKN,Brooklyn,204038,Langston Galloway,Langston,,,9.000000:02,77.8,73.7,72.3,78.9,5.5,-5.3,0.0,0.0,0.0,0.0,0.1,0.048,33.3,0.75,0.75,0.13,0.136,102.98,100.96,84.13,19,0.133,20.0
22100607,1610612749,MIL,Milwaukee,204038,Langston Galloway,Langston,,,11.000000:32,31.6,32.1,89.7,96.0,-58.1,-63.9,0.0,0.0,0.0,0.0,0.071,0.032,33.3,0.0,0.0,0.094,0.102,115.03,110.29,91.91,28,-0.162,6.0
22100507,1610612751,BKN,Brooklyn,204038,Langston Galloway,Langston,,,12.000000:50,107.8,106.9,79.6,81.5,28.2,25.4,0.083,1.0,16.7,0.0,0.038,0.029,16.7,0.375,0.375,0.161,0.174,105.48,104.73,87.27,29,0.0,8.0
22100442,1610612751,BKN,Brooklyn,204038,Langston Galloway,Langston,,,22.000000:37,104.9,109.1,91.7,95.6,13.2,13.5,0.167,3.0,33.3,0.031,0.1,0.065,11.1,0.4,0.4,0.102,0.102,98.31,94.44,78.7,44,0.087,17.0
22100491,1610612751,BKN,Brooklyn,204038,Langston Galloway,Langston,,,13.000000:43,101.2,96.8,92.3,106.3,8.9,-9.5,0.1,0.5,20.0,0.0,0.095,0.054,40.0,0.5,0.5,0.114,0.123,116.32,110.23,91.86,31,-0.033,9.0
22100525,1610612751,BKN,Brooklyn,204038,Langston Galloway,Langston,,DNP - Coach's Decision,,,0.0,,0.0,,0.0,,,,0.0,0.0,0.0,,,,0.0,0.0,,,,0,,26.0
22100583,1610612749,MIL,Milwaukee,204038,Langston Galloway,Langston,,,20.000000:23,109.8,114.0,104.7,102.4,5.1,11.6,0.211,0.0,40.0,0.038,0.105,0.067,0.0,0.167,0.167,0.115,0.116,100.93,100.08,83.4,43,0.056,6.0
22100592,1610612749,MIL,Milwaukee,204038,Langston Galloway,Langston,,,16.000000:35,99.4,94.3,123.2,125.0,-23.8,-30.7,0.25,0.0,37.5,0.056,0.238,0.154,0.0,0.0,0.0,0.128,0.134,100.9,102.75,85.63,35,0.034,5.0
