GAME_ID,TEAM_ID,TEAM_ABBREVIATION,TEAM_CITY,PLAYER_ID,PLAYER_NAME,NICKNAME,START_POSITION,COMMENT,MIN,E_OFF_RATING,OFF_RATING,E_DEF_RATING,DEF_RATING,E_NET_RATING,NET_RATING,AST_PCT,AST_TOV,AST_RATIO,OREB_PCT,DREB_PCT,REB_PCT,TM_TOV_PCT,EFG_PCT,TS_PCT,USG_PCT,E_USG_PCT,E_PACE,PACE,PACE_PER40,POSS,PIE,Unnamed: 0
22100602,1610612759,SAS,San Antonio,204020,Tyler Johnson,Tyler,,,18.000000:55,108.9,106.7,119.0,126.1,-10.2,-19.4,0.0,0.0,0.0,0.0,0.059,0.027,0.0,0.5,0.5,0.061,0.064,117.74,115.45,96.21,45,0.034,6.0
22100638,1610612759,SAS,San Antonio,204020,Tyler Johnson,Tyler,,DNP - Coach's Decision,,,0.0,,0.0,,0.0,,,,0.0,0.0,0.0,,,,0.0,0.0,,,,0,,25.0
22100610,1610612759,SAS,San Antonio,204020,Tyler Johnson,Tyler,,,22.000000:02,98.0,100.0,116.4,117.8,-18.5,-17.8,0.188,0.0,30.0,0.0,0.167,0.07,0.0,0.214,0.214,0.143,0.146,100.73,99.12,82.6,46,0.028,6.0
22100648,1610612759,SAS,San Antonio,204020,Tyler Johnson,Tyler,,DNP - Coach's Decision,,,0.0,,0.0,,0.0,,,,0.0,0.0,0.0,,,,0.0,0.0,,,,0,,24.0
22100510,1610612755,PHI,Philadelphia,204020,Tyler Johnson,Tyler,,,10.000000:59,123.0,117.4,121.5,118.2,1.5,-0.8,0.0,0.0,0.0,0.0,0.0,0.0,0.0,0.5,0.5,0.111,0.116,94.75,98.33,81.94,23,0.044,7.0
22100495,1610612755,PHI,Philadelphia,204020,Tyler Johnson,Tyler,,,16.000000:09,100.1,105.9,126.2,117.1,-26.1,-11.3,0.2,2.0,28.6,0.0,0.1,0.05,14.3,0.625,0.625,0.125,0.122,101.71,102.54,85.45,34,0.055,7.0
22100478,1610612755,PHI,Philadelphia,204020,Tyler Johnson,Tyler,,,11.000000:02,128.8,126.1,68.6,64.0,60.2,62.1,0.0,0.0,0.0,0.083,0.231,0.16,0.0,0.5,0.5,0.111,0.113,99.79,104.49,87.07,23,0.092,22.0
22100623,1610612759,SAS,San Antonio,204020,Tyler Johnson,Tyler,,DNP - Coach's Decision,,,0.0,,0.0,,0.0,,,,0.0,0.0,0.0,,,,0.0,0.0,,,,0,,25.0
22100582,1610612759,SAS,San Antonio,204020,Tyler Johnson,Tyler,,,12.000000:16,118.3,134.8,129.2,126.1,-10.9,8.7,0.167,2.0,66.7,0.182,0.0,0.083,33.3,0.0,0.0,0.036,0.035,95.17,90.0,75.0,23,0.016,9.0
