GAME_ID,TEAM_ID,TEAM_ABBREVIATION,TEAM_CITY,PLAYER_ID,PLAYER_NAME,NICKNAME,START_POSITION,COMMENT,MIN,E_OFF_RATING,OFF_RATING,E_DEF_RATING,DEF_RATING,E_NET_RATING,NET_RATING,AST_PCT,AST_TOV,AST_RATIO,OREB_PCT,DREB_PCT,REB_PCT,TM_TOV_PCT,EFG_PCT,TS_PCT,USG_PCT,E_USG_PCT,E_PACE,PACE,PACE_PER40,POSS,PIE,Unnamed: 0
20801182,1610612766,CHA,Charlotte,200971,Dontell Jefferson,Dontell,,,5.000000:60,87.2,92.3,47.0,46.7,40.2,45.6,0.5,1.0,20.0,0.0,0.25,0.091,20.0,1.0,1.0,0.286,0.291,114.59,112.03,93.36,13,0.941,8.0
20801144,1610612766,CHA,Charlotte,200971,Dontell Jefferson,Dontell,,,8.000000:42,87.0,73.3,129.5,127.8,-42.5,-54.4,0.0,0.0,0.0,0.0,0.0,0.0,0.0,0.2,0.2,0.227,0.255,83.86,91.03,75.86,15,-0.14,6.0
20801226,1610612766,CHA,Charlotte,200971,Dontell Jefferson,Dontell,,,28.000000:50,92.7,94.3,108.0,109.4,-15.2,-15.1,0.286,4.0,36.4,0.037,0.129,0.086,9.1,0.7,0.791,0.119,0.119,89.6,88.23,73.53,53,0.193,7.0
20801192,1610612766,CHA,Charlotte,200971,Dontell Jefferson,Dontell,,,13.000000:25,83.0,88.0,88.8,96.4,-5.9,-8.4,0.167,0.5,14.3,0.0,0.105,0.069,28.6,0.333,0.387,0.231,0.226,101.82,94.81,79.01,25,-0.042,8.0
20801153,1610612766,CHA,Charlotte,200971,Dontell Jefferson,Dontell,,,4.000000:29,154.6,150.0,92.2,100.0,62.4,50.0,0.0,0.0,0.0,0.0,0.0,0.0,50.0,0.0,0.568,0.222,0.228,93.79,91.0,75.84,8,-0.054,19.0
20801205,1610612766,CHA,Charlotte,200971,Dontell Jefferson,Dontell,,,22.000000:21,87.5,87.8,93.7,92.9,-6.2,-5.1,0.3,3.0,27.3,0.0,0.148,0.083,9.1,0.5,0.509,0.178,0.181,88.91,89.13,74.27,41,0.083,5.0
