GAME_ID,TEAM_ID,TEAM_ABBREVIATION,TEAM_CITY,PLAYER_ID,PLAYER_NAME,NICKNAME,START_POSITION,COMMENT,MIN,E_OFF_RATING,OFF_RATING,E_DEF_RATING,DEF_RATING,E_NET_RATING,NET_RATING,AST_PCT,AST_TOV,AST_RATIO,OREB_PCT,DREB_PCT,REB_PCT,TM_TOV_PCT,EFG_PCT,TS_PCT,USG_PCT,E_USG_PCT,E_PACE,PACE,PACE_PER40,POSS,PIE,Unnamed: 0
21901235,1610612756,PHX,Phoenix,1626166,Cameron Payne,Cameron,,,18.000000:57,125.5,120.0,79.3,78.6,46.2,41.4,0.154,2.0,20.0,0.0,0.15,0.094,10.0,0.643,0.643,0.174,0.182,107.23,110.17,91.8,45,0.192,6.0
21901283,1610612756,PHX,Phoenix,1626166,Cameron Payne,Cameron,,,21.000000:13,113.1,111.4,98.8,91.3,14.3,20.1,0.313,1.67,33.3,0.043,0.2,0.116,20.0,0.357,0.357,0.2,0.207,97.1,101.81,84.84,44,0.039,5.0
21901292,1610612756,PHX,Phoenix,1626166,Cameron Payne,Cameron,,,32.000000:49,113.5,114.3,82.9,83.5,30.5,30.7,0.227,5.0,26.3,0.0,0.146,0.078,5.3,0.417,0.509,0.161,0.162,114.94,114.09,95.07,77,0.136,17.0
21901249,1610612756,PHX,Phoenix,1626166,Cameron Payne,Cameron,,,19.000000:43,98.5,95.5,109.6,108.9,-11.1,-13.4,0.083,1.0,8.3,0.0,0.174,0.095,8.3,0.5,0.5,0.234,0.246,106.37,108.36,90.3,44,0.101,18.0
21901270,1610612756,PHX,Phoenix,1626166,Cameron Payne,Cameron,,,21.000000:40,101.6,97.9,108.4,106.1,-6.9,-8.2,0.3,1.5,21.4,0.0,0.125,0.065,14.3,0.833,0.833,0.204,0.21,104.39,107.45,89.54,48,0.181,18.0
21901258,1610612756,PHX,Phoenix,1626166,Cameron Payne,Cameron,,,20.000000:10,133.1,130.2,106.3,97.7,26.8,32.6,0.188,0.0,25.0,0.042,0.1,0.068,0.0,0.667,0.667,0.18,0.183,97.11,102.35,85.29,43,0.122,6.0
21901313,1610612756,PHX,Phoenix,1626166,Cameron Payne,Cameron,,,29.000000:12,132.8,130.0,97.8,98.3,35.0,31.7,0.083,2.0,16.7,0.037,0.105,0.077,8.3,0.813,0.805,0.147,0.157,96.99,97.81,81.51,60,0.112,18.0
21901299,1610612756,PHX,Phoenix,1626166,Cameron Payne,Cameron,,,19.000000:26,168.8,167.6,116.8,118.4,52.0,49.1,0.158,1.5,27.3,0.083,0.05,0.063,18.2,0.583,0.583,0.19,0.192,92.95,92.66,77.21,37,0.016,6.0
