GAME_ID,TEAM_ID,TEAM_ABBREVIATION,TEAM_CITY,PLAYER_ID,PLAYER_NAME,NICKNAME,START_POSITION,COMMENT,MIN,E_OFF_RATING,OFF_RATING,E_DEF_RATING,DEF_RATING,E_NET_RATING,NET_RATING,AST_PCT,AST_TOV,AST_RATIO,OREB_PCT,DREB_PCT,REB_PCT,TM_TOV_PCT,EFG_PCT,TS_PCT,USG_PCT,E_USG_PCT,E_PACE,PACE,PACE_PER40,POSS,PIE,Unnamed: 0
21900894,1610612744,GSW,Golden State,1628539,Mychal Mulder,Mychal,,,33.000000:40,120.4,118.8,89.6,95.7,30.8,23.2,0.0,0.0,0.0,0.065,0.098,0.083,0.0,0.542,0.563,0.154,0.16,101.09,98.38,81.98,69,0.069,6.0
21900944,1610612744,GSW,Golden State,1628539,Mychal Mulder,Mychal,G,,31.000000:47,141.2,142.4,115.8,116.9,25.5,25.4,0.111,0.0,18.8,0.0,0.032,0.018,0.0,0.65,0.712,0.197,0.199,89.91,89.1,74.25,59,0.089,14.0
21900967,1610612744,GSW,Golden State,1628539,Mychal Mulder,Mychal,G,,26.000000:21,98.7,98.2,119.9,116.4,-21.2,-18.2,0.0,0.0,0.0,0.0,0.138,0.073,9.1,0.111,0.152,0.193,0.194,98.48,100.19,83.49,55,-0.047,16.0
21900876,1610612744,GSW,Golden State,1628539,Mychal Mulder,Mychal,,,22.000000:03,76.3,76.6,108.1,112.5,-31.8,-35.9,0.0,0.0,0.0,0.0,0.16,0.087,0.0,0.167,0.167,0.12,0.122,105.75,103.4,86.17,47,0.014,22.0
21900929,1610612744,GSW,Golden State,1628539,Mychal Mulder,Mychal,,,23.000000:52,88.8,92.6,92.0,92.5,-3.1,0.1,0.071,0.5,8.3,0.0,0.111,0.056,16.7,0.444,0.444,0.177,0.186,110.16,107.59,89.66,54,0.036,17.0
21900901,1610612744,GSW,Golden State,1628539,Mychal Mulder,Mychal,,,31.000000:11,131.7,131.3,126.1,118.6,5.6,12.8,0.037,0.0,8.3,0.0,0.077,0.037,0.0,0.75,0.751,0.143,0.143,102.05,105.44,87.87,67,0.073,19.0
21900913,1610612744,GSW,Golden State,1628539,Mychal Mulder,Mychal,G,,34.000000:47,114.7,118.8,98.2,98.6,16.5,20.3,0.115,1.5,18.8,0.031,0.054,0.043,12.5,0.682,0.682,0.169,0.17,97.09,95.22,79.35,69,0.069,3.0
