GAME_ID,TEAM_ID,TEAM_ABBREVIATION,TEAM_CITY,PLAYER_ID,PLAYER_NAME,NICKNAME,START_POSITION,COMMENT,MIN,E_OFF_RATING,OFF_RATING,E_DEF_RATING,DEF_RATING,E_NET_RATING,NET_RATING,AST_PCT,AST_TOV,AST_RATIO,OREB_PCT,DREB_PCT,REB_PCT,TM_TOV_PCT,EFG_PCT,TS_PCT,USG_PCT,E_USG_PCT,E_PACE,PACE,PACE_PER40,POSS,PIE,Unnamed: 0
21901281,1610612743,DEN,Denver,1629626,Bol Bol,Bol,,,0.000000:00,0.0,0.0,0.0,0.0,0.0,0.0,0.0,0.0,0.0,0.0,0.0,0.0,0.0,0.0,0.0,0.0,0.0,4800.0,4800.0,4000.0,0,0.0,22.0
21901296,1610612743,DEN,Denver,1629626,Bol Bol,Bol,,,21.000000:29,126.1,127.9,131.1,134.9,-5.0,-7.0,0.118,2.0,20.0,0.0,0.278,0.128,10.0,0.5,0.592,0.157,0.165,98.13,96.07,80.06,43,0.081,9.0
21901251,1610612743,DEN,Denver,1629626,Bol Bol,Bol,,,3.000000:41,37.5,37.5,139.6,137.5,-102.1,-100.0,0.0,0.0,0.0,0.0,0.0,0.0,33.3,0.75,0.75,0.333,0.375,103.47,104.25,86.88,8,0.0,9.0
21901318,1610612743,DEN,Denver,1629626,Bol Bol,Bol,,,15.000000:27,110.9,118.2,109.3,108.6,1.6,9.6,0.2,1.0,16.7,0.063,0.158,0.114,16.7,0.333,0.488,0.278,0.269,108.61,105.63,88.03,33,0.087,10.0
21901264,1610612743,DEN,Denver,1629626,Bol Bol,Bol,,DNP - Coach's Decision,,,0.0,,0.0,,0.0,,,,0.0,0.0,0.0,,,,0.0,0.0,,,,0,,10.0
21901307,1610612743,DEN,Denver,1629626,Bol Bol,Bol,,,9.000000:46,115.7,109.5,124.5,123.8,-8.8,-14.3,0.0,0.0,0.0,0.1,0.0,0.059,33.3,0.875,0.875,0.24,0.262,100.16,103.21,86.01,21,0.101,21.0
21901272,1610612743,DEN,Denver,1629626,Bol Bol,Bol,,,24.000000:43,120.1,123.4,137.9,136.2,-17.8,-12.8,0.059,0.5,10.0,0.05,0.167,0.114,20.0,0.643,0.643,0.173,0.169,91.93,91.27,76.06,47,0.061,21.0
21901239,1610612743,DEN,Denver,1629626,Bol Bol,Bol,,,11.000000:50,87.0,92.0,99.2,100.0,-12.2,-8.0,0.125,0.5,14.3,0.133,0.2,0.16,28.6,0.5,0.563,0.194,0.197,104.73,101.41,84.51,25,0.133,22.0
