GAME_ID,TEAM_ID,TEAM_ABBREVIATION,TEAM_CITY,PLAYER_ID,PLAYER_NAME,NICKNAME,START_POSITION,COMMENT,MIN,E_OFF_RATING,OFF_RATING,E_DEF_RATING,DEF_RATING,E_NET_RATING,NET_RATING,AST_PCT,AST_TOV,AST_RATIO,OREB_PCT,DREB_PCT,REB_PCT,TM_TOV_PCT,EFG_PCT,TS_PCT,USG_PCT,E_USG_PCT,E_PACE,PACE,PACE_PER40,POSS,PIE,Unnamed: 0
21900148,1610612748,MIA,Miami,1629644,KZ Okpala,KZ,,DND - Injury/Illness,,,0.0,,0.0,,0.0,,,,0.0,0.0,0.0,,,,0.0,0.0,,,,0,,25.0
21900007,1610612748,MIA,Miami,1629644,KZ Okpala,KZ,,,1.000000:10,0.0,0.0,200.0,133.3,-200.0,-133.3,0.0,0.0,0.0,0.0,0.5,0.333,100.0,0.0,0.0,0.333,0.5,82.29,123.43,102.86,3,0.0,23.0
21900775,1610612748,MIA,Miami,1629644,KZ Okpala,KZ,,,21.000000:25,96.4,100.0,122.9,125.6,-26.4,-25.6,0.083,0.0,16.7,0.048,0.2,0.111,0.0,0.6,0.595,0.102,0.11,92.36,89.67,74.73,41,0.116,6.0
21900763,1610612748,MIA,Miami,1629644,KZ Okpala,KZ,,,1.000000:06,150.0,100.0,100.0,100.0,50.0,0.0,0.0,0.0,0.0,0.0,0.0,0.0,0.0,0.0,0.0,0.0,0.0,109.09,130.91,109.09,3,0.0,8.0
21900039,1610612748,MIA,Miami,1629644,KZ Okpala,KZ,,,1.000000:28,0.0,0.0,29.1,33.3,-29.1,-33.3,0.0,0.0,0.0,0.0,0.0,0.0,0.0,0.0,0.0,0.0,0.0,89.02,98.18,81.82,3,0.0,7.0
21900792,1610612748,MIA,Miami,1629644,KZ Okpala,KZ,,DNP - Coach's Decision,,,0.0,,0.0,,0.0,,,,0.0,0.0,0.0,,,,0.0,0.0,,,,0,,11.0
21900354,1610612748,MIA,Miami,1629644,KZ Okpala,KZ,,,0.000000:50,0.0,0.0,100.0,100.0,-100.0,-100.0,0.0,0.0,0.0,0.0,0.0,0.0,0.0,0.0,0.0,0.0,0.0,86.75,86.75,72.29,1,0.0,23.0
21900026,1610612748,MIA,Miami,1629644,KZ Okpala,KZ,,DNP - Coach's Decision,,,0.0,,0.0,,0.0,,,,0.0,0.0,0.0,,,,0.0,0.0,,,,0,,12.0
21900052,1610612748,MIA,Miami,1629644,KZ Okpala,KZ,,DNP - Coach's Decision,,,0.0,,0.0,,0.0,,,,0.0,0.0,0.0,,,,0.0,0.0,,,,0,,24.0
