GAME_ID,TEAM_ID,TEAM_ABBREVIATION,TEAM_CITY,PLAYER_ID,PLAYER_NAME,NICKNAME,START_POSITION,COMMENT,MIN,E_OFF_RATING,OFF_RATING,E_DEF_RATING,DEF_RATING,E_NET_RATING,NET_RATING,AST_PCT,AST_TOV,AST_RATIO,OREB_PCT,DREB_PCT,REB_PCT,TM_TOV_PCT,EFG_PCT,TS_PCT,USG_PCT,E_USG_PCT,E_PACE,PACE,PACE_PER40,POSS,PIE,Unnamed: 0
21901232,1610612746,LAC,LA,201149,Joakim Noah,Joakim,,,10.000000:22,66.6,68.0,106.3,111.5,-39.7,-43.5,0.2,0.0,50.0,0.154,0.182,0.167,0.0,0.0,0.568,0.034,0.036,122.22,118.05,98.38,25,0.023,5.0
21901280,1610612746,LAC,LA,201149,Joakim Noah,Joakim,,DNP - Coach's Decision,,,0.0,,0.0,,0.0,,,,0.0,0.0,0.0,,,,0.0,0.0,,,,0,,11.0
21901241,1610612746,LAC,LA,201149,Joakim Noah,Joakim,,,6.000000:49,83.1,76.5,153.3,152.9,-70.2,-76.5,0.333,0.5,16.7,0.125,0.429,0.267,33.3,0.0,0.725,0.25,0.268,114.78,119.71,99.76,17,0.113,25.0
21901291,1610612746,LAC,LA,201149,Joakim Noah,Joakim,,DNP - Coach's Decision,,,0.0,,0.0,,0.0,,,,0.0,0.0,0.0,,,,0.0,0.0,,,,0,,24.0
21901317,1610612746,LAC,LA,201149,Joakim Noah,Joakim,,,28.000000:59,101.6,98.5,81.5,83.6,20.1,14.9,0.313,1.25,29.4,0.032,0.116,0.081,23.5,0.571,0.571,0.171,0.179,109.07,109.3,91.09,65,0.138,20.0
21901258,1610612746,LAC,LA,201149,Joakim Noah,Joakim,,DNP - Coach's Decision,,,0.0,,0.0,,0.0,,,,0.0,0.0,0.0,,,,0.0,0.0,,,,0,,25.0
21901271,1610612746,LAC,LA,201149,Joakim Noah,Joakim,,,1.000000:46,104.2,75.0,145.3,166.7,-41.2,-91.7,0.0,0.0,0.0,0.5,1.0,0.667,0.0,0.0,0.0,0.0,0.0,85.94,95.18,79.32,4,0.143,11.0
21901307,1610612746,LAC,LA,201149,Joakim Noah,Joakim,,,2.000000:14,150.0,120.0,102.0,120.0,48.0,0.0,0.0,0.0,0.0,0.0,0.0,0.0,0.0,0.0,0.0,0.0,0.0,106.17,107.46,89.55,5,-0.087,10.0
