GAME_ID,TEAM_ID,TEAM_ABBREVIATION,TEAM_CITY,PLAYER_ID,PLAYER_NAME,NICKNAME,START_POSITION,COMMENT,MIN,E_OFF_RATING,OFF_RATING,E_DEF_RATING,DEF_RATING,E_NET_RATING,NET_RATING,AST_PCT,AST_TOV,AST_RATIO,OREB_PCT,DREB_PCT,REB_PCT,TM_TOV_PCT,EFG_PCT,TS_PCT,USG_PCT,E_USG_PCT,E_PACE,PACE,PACE_PER40,POSS,PIE,Unnamed: 0
21900065,1610612744,GSW,Golden State,201939,Stephen Curry,Stephen,G,,21.000000:09,94.7,92.2,121.1,124.0,-26.4,-31.8,0.375,1.5,27.3,0.0,0.2,0.111,18.2,0.318,0.379,0.308,0.316,114.43,114.61,95.51,51,0.068,17.0
21900016,1610612744,GSW,Golden State,201939,Stephen Curry,Stephen,G,,29.000000:48,102.8,104.3,130.1,135.8,-27.4,-31.5,0.267,0.5,11.8,0.025,0.15,0.067,23.5,0.45,0.518,0.357,0.37,112.72,109.53,91.28,69,0.06,17.0
21900825,1610612744,GSW,Golden State,201939,Stephen Curry,Stephen,,DND - Injury/Illness,,,0.0,,0.0,,0.0,,,,0.0,0.0,0.0,,,,0.0,0.0,,,,0,,23.0
21900036,1610612744,GSW,Golden State,201939,Stephen Curry,Stephen,G,,30.000000:08,85.2,90.6,133.3,135.4,-48.0,-44.8,0.357,2.5,17.9,0.048,0.231,0.118,7.1,0.444,0.546,0.295,0.299,106.79,102.74,85.62,64,0.167,4.0
21900967,1610612744,GSW,Golden State,201939,Stephen Curry,Stephen,,DND - Injury/Illness,,,0.0,,0.0,,0.0,,,,0.0,0.0,0.0,,,,0.0,0.0,,,,0,,23.0
21900929,1610612744,GSW,Golden State,201939,Stephen Curry,Stephen,G,,27.000000:14,107.0,111.3,139.5,134.4,-32.4,-23.1,0.389,7.0,25.9,0.0,0.3,0.1,3.7,0.469,0.589,0.253,0.262,108.64,108.4,90.33,62,0.175,16.0
21900047,1610612744,GSW,Golden State,201939,Stephen Curry,Stephen,G,,31.000000:00,133.8,137.0,87.1,93.2,46.7,43.8,0.367,11.0,35.5,0.03,0.044,0.038,3.2,0.647,0.693,0.227,0.233,118.27,113.03,94.19,73,0.183,4.0
