GAME_ID,TEAM_ID,TEAM_ABBREVIATION,TEAM_CITY,PLAYER_ID,PLAYER_NAME,NICKNAME,START_POSITION,COMMENT,MIN,E_OFF_RATING,OFF_RATING,E_DEF_RATING,DEF_RATING,E_NET_RATING,NET_RATING,AST_PCT,AST_TOV,AST_RATIO,OREB_PCT,DREB_PCT,REB_PCT,TM_TOV_PCT,EFG_PCT,TS_PCT,USG_PCT,E_USG_PCT,E_PACE,PACE,PACE_PER40,POSS,PIE,Unnamed: 0
21901233,1610612751,BKN,Brooklyn,202498,Lance Thomas,Lance,F,,17.000000:55,109.9,110.8,159.6,163.2,-49.8,-52.3,0.063,1.0,16.7,0.0,0.182,0.069,16.7,0.625,0.676,0.125,0.124,102.02,100.47,83.72,37,0.028,14.0
21901256,1610612751,BKN,Brooklyn,202498,Lance Thomas,Lance,C,,14.000000:38,115.1,117.6,131.6,125.0,-16.5,-7.4,0.154,2.0,18.2,0.0,0.167,0.071,9.1,0.286,0.381,0.257,0.252,113.1,114.81,95.67,34,0.024,2.0
21901297,1610612751,BKN,Brooklyn,202498,Lance Thomas,Lance,,,24.000000:00,102.9,106.5,99.4,97.8,3.6,8.7,0.083,0.5,12.5,0.045,0.087,0.067,25.0,1.1,1.103,0.137,0.136,92.88,92.0,76.67,46,0.142,8.0
21901309,1610612751,BKN,Brooklyn,202498,Lance Thomas,Lance,,,4.000000:13,77.8,77.8,182.2,180.0,-104.4,-102.2,0.0,0.0,0.0,0.0,0.5,0.143,0.0,0.0,0.0,0.0,0.0,107.67,108.36,90.3,9,0.036,21.0
21901244,1610612751,BKN,Brooklyn,202498,Lance Thomas,Lance,F,,10.000000:21,93.8,95.2,130.1,135.0,-36.2,-39.8,0.143,1.0,20.0,0.0,0.2,0.069,20.0,0.0,0.0,0.129,0.132,97.58,95.07,79.23,21,-0.047,14.0
21901291,1610612751,BKN,Brooklyn,202498,Lance Thomas,Lance,,DNP - Coach's Decision,,,0.0,,0.0,,0.0,,,,0.0,0.0,0.0,,,,0.0,0.0,,,,0,,12.0
21901276,1610612751,BKN,Brooklyn,202498,Lance Thomas,Lance,,,1.000000:48,34.7,20.0,200.0,200.0,-165.3,-180.0,0.0,0.0,0.0,0.0,0.0,0.0,0.0,0.0,0.0,0.0,0.0,91.73,120.0,100.0,5,0.0,22.0
21901267,1610612751,BKN,Brooklyn,202498,Lance Thomas,Lance,F,,24.000000:51,119.1,124.5,138.3,134.5,-19.1,-10.0,0.038,1.0,16.7,0.042,0.105,0.07,16.7,0.0,0.0,0.085,0.083,105.19,104.31,86.92,53,-0.023,1.0
