GAME_ID,TEAM_ID,TEAM_ABBREVIATION,TEAM_CITY,PLAYER_ID,PLAYER_NAME,NICKNAME,START_POSITION,COMMENT,MIN,E_OFF_RATING,OFF_RATING,E_DEF_RATING,DEF_RATING,E_NET_RATING,NET_RATING,AST_PCT,AST_TOV,AST_RATIO,OREB_PCT,DREB_PCT,REB_PCT,TM_TOV_PCT,EFG_PCT,TS_PCT,USG_PCT,E_USG_PCT,E_PACE,PACE,PACE_PER40,POSS,PIE,Unnamed: 0
21901240,1610612760,OKC,Oklahoma City,203460,Andre Roberson,Andre,,,5.000000:12,160.7,163.6,72.3,81.8,88.4,81.8,0.0,0.0,0.0,0.0,0.167,0.125,0.0,0.0,0.0,0.0,0.0,109.11,101.54,84.62,11,0.083,22.0
21901251,1610612760,OKC,Oklahoma City,203460,Andre Roberson,Andre,,,9.000000:46,45.3,45.0,113.2,108.7,-68.0,-63.7,0.0,0.0,0.0,0.071,0.077,0.074,0.0,0.0,0.0,0.125,0.131,103.11,105.67,88.05,20,-0.082,19.0
21901292,1610612760,OKC,Oklahoma City,203460,Andre Roberson,Andre,,,13.000000:05,79.0,83.3,106.0,109.7,-27.0,-26.3,0.167,0.0,12.5,0.105,0.286,0.182,0.0,0.5,0.5,0.184,0.191,116.89,111.9,93.25,30,0.191,7.0
21901317,1610612760,OKC,Oklahoma City,203460,Andre Roberson,Andre,,,28.000000:07,89.1,90.3,84.2,83.3,4.9,7.0,0.1,0.0,16.7,0.027,0.143,0.077,0.0,0.111,0.152,0.141,0.145,104.31,104.14,86.78,62,-0.041,5.0
21901275,1610612760,OKC,Oklahoma City,203460,Andre Roberson,Andre,,,9.000000:07,30.9,30.0,101.3,100.0,-70.4,-70.0,0.0,0.0,0.0,0.067,0.222,0.125,0.0,0.0,0.0,0.136,0.14,100.56,102.67,85.56,20,-0.086,9.0
21901265,1610612760,OKC,Oklahoma City,203460,Andre Roberson,Andre,,,11.000000:08,99.7,100.0,86.7,90.9,13.0,9.1,0.0,0.0,0.0,0.091,0.333,0.231,20.0,0.5,0.5,0.192,0.199,99.51,97.01,80.84,23,0.13,9.0
21901306,1610612760,OKC,Oklahoma City,203460,Andre Roberson,Andre,,,10.000000:33,128.1,143.5,64.9,66.7,63.2,76.8,0.1,1.0,20.0,0.1,0.231,0.174,20.0,1.0,1.0,0.138,0.139,114.67,106.94,89.11,23,0.155,23.0
