GAME_ID,TEAM_ID,TEAM_ABBREVIATION,TEAM_CITY,PLAYER_ID,PLAYER_NAME,NICKNAME,START_POSITION,COMMENT,MIN,E_OFF_RATING,OFF_RATING,E_DEF_RATING,DEF_RATING,E_NET_RATING,NET_RATING,AST_PCT,AST_TOV,AST_RATIO,OREB_PCT,DREB_PCT,REB_PCT,TM_TOV_PCT,EFG_PCT,TS_PCT,USG_PCT,E_USG_PCT,E_PACE,PACE,PACE_PER40,POSS,PIE,Unnamed: 0
22301080,1610612761,TOR,Toronto,1628424,Kobi Simmons,Kobi,,,15.000000:31,92.2,100.0,131.0,121.9,-38.9,-21.9,0.3,0.0,33.3,0.0,0.071,0.029,0.0,0.5,0.5,0.158,0.168,98.06,97.44,81.2,31,0.106,20.0
22301094,1610612761,TOR,Toronto,1628424,Kobi Simmons,Kobi,,,10.000000:16,97.3,100.0,96.7,95.7,0.6,4.3,0.5,0.0,50.0,0.0,0.2,0.13,0.0,0.833,0.833,0.12,0.127,108.47,107.53,89.61,23,0.259,21.0
22301053,1610612761,TOR,Toronto,1628424,Kobi Simmons,Kobi,,,24.000000:22,85.0,90.0,135.9,137.3,-50.9,-47.3,0.429,0.0,50.0,0.0,0.05,0.022,0.0,0.167,0.167,0.109,0.107,102.91,99.48,82.9,50,0.041,19.0
22301036,1610612761,TOR,Toronto,1628424,Kobi Simmons,Kobi,,,17.000000:17,98.0,91.4,90.3,93.9,7.7,-2.5,0.0,0.0,0.0,0.067,0.056,0.061,14.3,0.583,0.583,0.184,0.202,92.98,94.43,78.69,35,0.103,19.0
