GAME_ID,TEAM_ID,TEAM_ABBREVIATION,TEAM_CITY,PLAYER_ID,PLAYER_NAME,NICKNAME,START_POSITION,COMMENT,MIN,E_OFF_RATING,OFF_RATING,E_DEF_RATING,DEF_RATING,E_NET_RATING,NET_RATING,AST_PCT,AST_TOV,AST_RATIO,OREB_PCT,DREB_PCT,REB_PCT,TM_TOV_PCT,EFG_PCT,TS_PCT,USG_PCT,E_USG_PCT,E_PACE,PACE,PACE_PER40,POSS,PIE,Unnamed: 0
22300086,1610612757,POR,Portland,1629057,Robert Williams III,Robert,,,20.000000:00,98.7,95.2,127.3,128.2,-28.6,-33.0,0.167,2.0,25.0,0.038,0.1,0.065,12.5,0.6,0.6,0.115,0.121,95.76,97.2,81.0,42,0.077,21.0
22300144,1610612757,POR,Portland,1629057,Robert Williams III,Robert,,,11.000000:09,114.3,119.0,104.0,95.5,10.3,23.6,0.0,0.0,0.0,0.125,0.091,0.111,25.0,0.667,0.727,0.143,0.149,90.58,92.56,77.13,21,0.026,19.0
22300007,1610612757,POR,Portland,1629057,Robert Williams III,Robert,,,19.000000:45,93.4,90.2,100.9,102.4,-7.4,-12.2,0.0,0.0,0.0,0.154,0.25,0.2,16.7,0.75,0.752,0.128,0.132,98.72,99.65,83.04,41,0.201,18.0
22300074,1610612757,POR,Portland,1629057,Robert Williams III,Robert,,,23.000000:13,94.7,93.8,136.4,138.8,-41.7,-45.0,0.0,0.0,0.0,0.08,0.278,0.163,22.2,0.714,0.672,0.164,0.168,100.64,100.27,83.56,48,0.099,5.0
22300115,1610612757,POR,Portland,1629057,Robert Williams III,Robert,,,18.000000:56,107.5,111.4,85.5,88.6,22.0,22.7,0.067,1.0,14.3,0.0,0.364,0.211,14.3,0.5,0.615,0.128,0.129,115.66,111.55,92.96,44,0.128,5.0
22300098,1610612757,POR,Portland,1629057,Robert Williams III,Robert,,,25.000000:42,108.5,107.1,118.3,122.2,-9.7,-15.1,0.1,2.0,28.6,0.069,0.208,0.132,14.3,0.667,0.773,0.077,0.08,103.73,102.72,85.6,56,0.113,5.0
