GAME_ID,TEAM_ID,TEAM_ABBREVIATION,TEAM_CITY,PLAYER_ID,PLAYER_NAME,NICKNAME,START_POSITION,COMMENT,MIN,E_OFF_RATING,OFF_RATING,E_DEF_RATING,DEF_RATING,E_NET_RATING,NET_RATING,AST_PCT,AST_TOV,AST_RATIO,OREB_PCT,DREB_PCT,REB_PCT,TM_TOV_PCT,EFG_PCT,TS_PCT,USG_PCT,E_USG_PCT,E_PACE,PACE,PACE_PER40,POSS,PIE,Unnamed: 0
22300913,1610612763,MEM,Memphis,1629117,Wenyen Gabriel,Wenyen,,,12.000000:45,93.3,95.5,59.5,65.2,33.7,30.2,0.333,2.0,28.6,0.167,0.133,0.148,14.3,0.333,0.258,0.2,0.196,89.83,84.71,70.59,22,0.061,20.0
22300972,1610612763,MEM,Memphis,1629117,Wenyen Gabriel,Wenyen,,,14.000000:10,124.4,122.2,162.8,166.7,-38.4,-44.4,0.0,0.0,0.0,0.067,0.429,0.182,0.0,0.25,0.25,0.125,0.131,91.75,91.48,76.24,27,0.006,20.0
22300940,1610612763,MEM,Memphis,1629117,Wenyen Gabriel,Wenyen,,,16.000000:52,83.4,97.2,84.2,78.9,-0.8,18.3,0.0,0.0,0.0,0.083,0.222,0.143,25.0,0.583,0.583,0.174,0.17,110.42,105.3,87.75,36,0.121,21.0
22300950,1610612763,MEM,Memphis,1629117,Wenyen Gabriel,Wenyen,,,16.000000:05,55.7,57.1,80.4,85.7,-24.6,-28.6,0.125,0.33,12.5,0.1,0.2,0.15,37.5,0.0,0.0,0.175,0.176,109.23,104.46,87.05,35,-0.092,18.0
22300931,1610612763,MEM,Memphis,1629117,Wenyen Gabriel,Wenyen,,,21.000000:09,81.1,84.1,95.7,93.3,-14.6,-9.2,0.0,0.0,0.0,0.0,0.227,0.104,25.0,0.6,0.475,0.16,0.161,101.54,100.99,84.16,44,0.056,8.0
