GAME_ID,TEAM_ID,TEAM_ABBREVIATION,TEAM_CITY,PLAYER_ID,PLAYER_NAME,NICKNAME,START_POSITION,COMMENT,MIN,E_OFF_RATING,OFF_RATING,E_DEF_RATING,DEF_RATING,E_NET_RATING,NET_RATING,AST_PCT,AST_TOV,AST_RATIO,OREB_PCT,DREB_PCT,REB_PCT,TM_TOV_PCT,EFG_PCT,TS_PCT,USG_PCT,E_USG_PCT,E_PACE,PACE,PACE_PER40,POSS,PIE,Unnamed: 0
22301001,1610612763,MEM,Memphis,1630610,DeJon Jarreau,DeJon,,,20.000000:18,117.7,121.1,147.1,142.5,-29.4,-21.4,0.294,0.0,45.5,0.148,0.286,0.208,0.0,0.167,0.167,0.122,0.122,92.04,92.22,76.85,38,0.075,7.0
22301015,1610612763,MEM,Memphis,1630610,DeJon Jarreau,DeJon,,,11.000000:44,51.1,50.0,82.9,82.8,-31.8,-32.8,0.0,0.0,0.0,0.0,0.143,0.059,16.7,0.0,0.102,0.188,0.197,115.28,116.59,97.16,28,-0.196,7.0
22300989,1610612763,MEM,Memphis,1630610,DeJon Jarreau,DeJon,,,16.000000:44,85.5,88.2,101.0,97.2,-15.5,-9.0,0.25,2.0,16.7,0.042,0.125,0.075,8.3,0.5,0.45,0.244,0.243,100.0,100.4,83.67,34,0.061,6.0
22300972,1610612763,MEM,Memphis,1630610,DeJon Jarreau,DeJon,,,5.000000:06,92.2,90.0,82.7,81.8,9.5,8.2,0.0,0.0,0.0,0.0,0.571,0.333,33.3,0.5,0.5,0.273,0.279,97.13,98.82,82.35,10,0.222,22.0
22301040,1610612763,MEM,Memphis,1630610,DeJon Jarreau,DeJon,,,20.000000:13,87.5,97.7,116.4,114.0,-29.0,-16.2,0.231,3.0,27.3,0.065,0.091,0.075,9.1,0.417,0.342,0.138,0.14,108.31,103.28,86.07,44,0.027,8.0
22301055,1610612763,MEM,Memphis,1630610,DeJon Jarreau,DeJon,,,9.000000:30,166.0,165.0,108.3,113.6,57.7,51.4,0.1,0.0,20.0,0.0,0.111,0.063,0.0,1.0,1.0,0.174,0.175,108.53,106.11,88.42,20,0.17,20.0
22300940,1610612763,MEM,Memphis,1630610,DeJon Jarreau,DeJon,,,20.000000:57,117.3,131.1,83.3,82.6,34.1,48.5,0.3,3.0,35.3,0.043,0.182,0.111,11.8,0.375,0.45,0.193,0.192,109.89,104.26,86.88,45,0.114,19.0
22300950,1610612763,MEM,Memphis,1630610,DeJon Jarreau,DeJon,,,16.000000:56,85.9,85.3,131.3,127.3,-45.3,-42.0,0.4,4.0,44.4,0.0,0.333,0.147,11.1,0.0,0.258,0.122,0.126,93.2,94.96,79.13,34,0.104,17.0
22300931,1610612763,MEM,Memphis,1630610,DeJon Jarreau,DeJon,,,28.000000:05,97.4,98.2,112.8,108.5,-15.3,-10.2,0.294,2.5,31.3,0.0,0.4,0.175,12.5,0.389,0.389,0.175,0.176,97.63,99.13,82.61,57,0.136,6.0
