GAME_ID,TEAM_ID,TEAM_ABBREVIATION,TEAM_CITY,PLAYER_ID,PLAYER_NAME,NICKNAME,START_POSITION,COMMENT,MIN,E_OFF_RATING,OFF_RATING,E_DEF_RATING,DEF_RATING,E_NET_RATING,NET_RATING,AST_PCT,AST_TOV,AST_RATIO,OREB_PCT,DREB_PCT,REB_PCT,TM_TOV_PCT,EFG_PCT,TS_PCT,USG_PCT,E_USG_PCT,E_PACE,PACE,PACE_PER40,POSS,PIE,Unnamed: 0
22301177,1610612763,MEM,Memphis,1630285,Zavier Simpson,Zavier,,,11.000000:58,71.9,77.8,142.3,150.0,-70.4,-72.2,0.286,2.0,28.6,0.0,0.111,0.04,14.3,0.25,0.25,0.152,0.151,117.77,110.31,91.92,27,0.0,21.0
22301158,1610612763,MEM,Memphis,1630285,Zavier Simpson,Zavier,,,24.000000:22,92.8,92.2,104.5,105.9,-11.7,-13.7,0.267,4.0,40.0,0.034,0.259,0.143,10.0,0.4,0.4,0.105,0.11,100.78,100.47,83.72,51,0.087,6.0
22301088,1610612763,MEM,Memphis,1630285,Zavier Simpson,Zavier,,DNP - Coach's Decision,,,0.0,,0.0,,0.0,,,,0.0,0.0,0.0,,,,0.0,0.0,,,,0,,10.0
22301129,1610612763,MEM,Memphis,1630285,Zavier Simpson,Zavier,,,30.000000:07,89.9,88.9,115.6,112.7,-25.7,-23.8,0.235,2.0,20.0,0.056,0.074,0.063,10.0,0.458,0.509,0.216,0.218,98.56,100.41,83.67,63,0.096,18.0
22301075,1610612763,MEM,Memphis,1630285,Zavier Simpson,Zavier,,,8.000000:56,153.6,152.6,92.8,89.5,60.8,63.2,0.364,4.0,66.7,0.077,0.0,0.045,16.7,0.0,0.0,0.08,0.08,99.94,102.09,85.07,19,0.051,9.0
22301107,1610612763,MEM,Memphis,1630285,Zavier Simpson,Zavier,,DNP - Coach's Decision,,,0.0,,0.0,,0.0,,,,0.0,0.0,0.0,,,,0.0,0.0,,,,0,,11.0
22301121,1610612763,MEM,Memphis,1630285,Zavier Simpson,Zavier,,,32.000000:44,88.5,95.5,76.0,74.2,12.6,21.3,0.125,1.0,20.0,0.0,0.056,0.026,20.0,0.111,0.111,0.138,0.139,100.27,97.52,81.26,67,-0.028,19.0
22301151,1610612763,MEM,Memphis,1630285,Zavier Simpson,Zavier,,,30.000000:37,91.7,93.3,107.1,108.2,-15.4,-14.9,0.294,2.5,22.7,0.0,0.12,0.045,9.1,0.4,0.4,0.23,0.239,96.2,94.85,79.04,60,0.079,17.0
22301193,1610612763,MEM,Memphis,1630285,Zavier Simpson,Zavier,,,22.000000:39,113.6,116.0,125.7,124.5,-12.1,-8.5,0.176,0.0,27.3,0.0,0.042,0.02,0.0,0.5,0.5,0.136,0.133,105.49,104.9,87.42,50,0.067,21.0
