GAME_ID,TEAM_ID,TEAM_ABBREVIATION,TEAM_CITY,PLAYER_ID,PLAYER_NAME,NICKNAME,START_POSITION,COMMENT,MIN,E_OFF_RATING,OFF_RATING,E_DEF_RATING,DEF_RATING,E_NET_RATING,NET_RATING,AST_PCT,AST_TOV,AST_RATIO,OREB_PCT,DREB_PCT,REB_PCT,TM_TOV_PCT,EFG_PCT,TS_PCT,USG_PCT,E_USG_PCT,E_PACE,PACE,PACE_PER40,POSS,PIE,Unnamed: 0
22301001,1610612744,GSW,Golden State,1630311,Pat Spencer,Pat,,,2.000000:35,163.9,133.3,82.0,80.0,82.0,53.3,0.5,0.0,50.0,0.0,0.0,0.0,0.0,1.0,1.0,0.167,0.205,90.67,102.19,85.16,6,0.273,26.0
22301198,1610612744,GSW,Golden State,1630311,Pat Spencer,Pat,,,15.000000:09,118.9,115.2,94.6,93.9,24.3,21.2,0.231,3.0,42.9,0.118,0.133,0.125,14.3,0.333,0.333,0.105,0.108,102.53,104.55,87.13,33,0.082,23.0
22300824,1610612744,GSW,Golden State,1630311,Pat Spencer,Pat,,,1.000000:45,0.0,0.0,106.4,100.0,-106.4,-100.0,0.0,0.0,0.0,0.0,0.0,0.0,0.0,0.0,0.0,0.0,0.0,66.93,68.57,57.14,3,0.0,26.0
22300921,1610612744,GSW,Golden State,1630311,Pat Spencer,Pat,,,1.000000:36,66.7,66.7,133.3,100.0,-66.7,-33.3,1.0,0.0,100.0,0.0,0.0,0.0,0.0,0.0,0.0,0.0,0.0,90.0,105.0,87.5,3,0.154,22.0
22301155,1610612744,GSW,Golden State,1630311,Pat Spencer,Pat,,,1.000000:47,103.1,80.0,138.9,150.0,-35.8,-70.0,0.0,0.0,0.0,0.0,0.0,0.0,0.0,0.0,0.0,0.0,0.0,110.36,121.12,100.93,5,-0.1,13.0
22301169,1610612744,GSW,Golden State,1630311,Pat Spencer,Pat,,DNP - Coach's Decision,,,0.0,,0.0,,0.0,,,,0.0,0.0,0.0,,,,0.0,0.0,,,,0,,13.0
22301182,1610612744,GSW,Golden State,1630311,Pat Spencer,Pat,,DNP - Coach's Decision,,,0.0,,0.0,,0.0,,,,0.0,0.0,0.0,,,,0.0,0.0,,,,0,,26.0
22301142,1610612744,GSW,Golden State,1630311,Pat Spencer,Pat,,,2.000000:47,33.3,33.3,260.0,216.7,-226.7,-183.3,0.0,0.0,0.0,0.0,0.0,0.0,0.0,0.0,0.0,0.0,0.0,94.85,103.47,86.23,6,0.0,24.0
