GAME_ID,TEAM_ID,TEAM_ABBREVIATION,TEAM_CITY,PLAYER_ID,PLAYER_NAME,NICKNAME,START_POSITION,COMMENT,MIN,E_OFF_RATING,OFF_RATING,E_DEF_RATING,DEF_RATING,E_NET_RATING,NET_RATING,AST_PCT,AST_TOV,AST_RATIO,OREB_PCT,DREB_PCT,REB_PCT,TM_TOV_PCT,EFG_PCT,TS_PCT,USG_PCT,E_USG_PCT,E_PACE,PACE,PACE_PER40,POSS,PIE,Unnamed: 0
22301012,1610612761,TOR,Toronto,1630186,Jahmi'us Ramsey,Jahmi'us,,,19.000000:16,98.1,93.0,122.2,118.6,-24.1,-25.6,0.154,1.0,18.2,0.0,0.0,0.0,18.2,0.5,0.5,0.205,0.221,102.74,107.13,89.27,43,0.012,21.0
22300963,1610612761,TOR,Toronto,1630186,Jahmi'us Ramsey,Jahmi'us,,,18.000000:13,115.9,118.9,105.2,102.6,10.7,16.3,0.083,0.0,12.5,0.056,0.235,0.143,0.0,0.7,0.74,0.171,0.171,98.89,98.84,82.36,37,0.144,20.0
22300999,1610612761,TOR,Toronto,1630186,Jahmi'us Ramsey,Jahmi'us,,,22.000000:11,83.7,84.4,130.0,128.3,-46.3,-43.8,0.1,0.5,9.1,0.0,0.13,0.07,18.2,0.688,0.688,0.208,0.207,98.24,98.45,82.04,45,0.132,19.0
22300979,1610612761,TOR,Toronto,1630186,Jahmi'us Ramsey,Jahmi'us,,,18.000000:39,126.4,117.1,100.4,100.0,26.1,17.1,0.133,0.67,18.2,0.056,0.0,0.026,27.3,0.417,0.417,0.191,0.205,101.37,105.49,87.9,41,0.021,7.0
22300946,1610612761,TOR,Toronto,1630186,Jahmi'us Ramsey,Jahmi'us,,,19.000000:26,70.6,67.4,91.5,90.7,-20.9,-23.3,0.0,0.0,0.0,0.038,0.25,0.14,0.0,0.143,0.254,0.174,0.186,103.39,106.21,88.51,43,0.071,8.0
22301022,1610612761,TOR,Toronto,1630186,Jahmi'us Ramsey,Jahmi'us,G,,18.000000:05,127.4,134.2,112.3,113.5,15.1,20.7,0.071,0.0,16.7,0.0,0.2,0.105,0.0,0.8,0.8,0.119,0.116,102.78,99.54,82.95,38,0.123,3.0
22300937,1610612761,TOR,Toronto,1630186,Jahmi'us Ramsey,Jahmi'us,,DNP - Coach's Decision,,,0.0,,0.0,,0.0,,,,0.0,0.0,0.0,,,,0.0,0.0,,,,0,,9.0
22300923,1610612761,TOR,Toronto,1630186,Jahmi'us Ramsey,Jahmi'us,,DNP - Coach's Decision,,,0.0,,0.0,,0.0,,,,0.0,0.0,0.0,,,,0.0,0.0,,,,0,,11.0
22300890,1610612761,TOR,Toronto,1630186,Jahmi'us Ramsey,Jahmi'us,,,5.000000:15,88.3,83.3,126.5,141.7,-38.1,-58.3,0.333,0.0,25.0,0.111,0.077,0.091,0.0,0.333,0.333,0.188,0.196,113.19,109.71,91.43,12,0.114,24.0
