GAME_ID,TEAM_ID,TEAM_ABBREVIATION,TEAM_CITY,PLAYER_ID,PLAYER_NAME,NICKNAME,START_POSITION,COMMENT,MIN,E_OFF_RATING,OFF_RATING,E_DEF_RATING,DEF_RATING,E_NET_RATING,NET_RATING,AST_PCT,AST_TOV,AST_RATIO,OREB_PCT,DREB_PCT,REB_PCT,TM_TOV_PCT,EFG_PCT,TS_PCT,USG_PCT,E_USG_PCT,E_PACE,PACE,PACE_PER40,POSS,PIE,Unnamed: 0
22300487,1610612742,DAL,Dallas,1630535,Greg Brown III,Greg,,,11.000000:53,131.8,127.6,112.5,118.5,19.2,9.1,0.1,1.0,14.3,0.1,0.067,0.08,14.3,0.7,0.7,0.194,0.199,114.21,113.16,94.3,29,0.083,22.0
22300321,1610612742,DAL,Dallas,1630535,Greg Brown III,Greg,,,1.000000:46,154.6,150.0,145.3,125.0,9.3,25.0,0.5,0.0,100.0,0.0,0.0,0.0,0.0,0.0,0.0,0.0,0.0,99.44,108.68,90.57,4,0.091,24.0
22300287,1610612742,DAL,Dallas,1630535,Greg Brown III,Greg,,DNP - Coach's Decision,,,0.0,,0.0,,0.0,,,,0.0,0.0,0.0,,,,0.0,0.0,,,,0,,26.0
22300341,1610612742,DAL,Dallas,1630535,Greg Brown III,Greg,,,0.000000:38,0.0,0.0,0.0,0.0,0.0,0.0,0.0,0.0,0.0,0.0,0.0,0.0,0.0,0.0,0.0,0.0,0.0,75.79,113.68,94.74,1,0.0,11.0
22300356,1610612742,DAL,Dallas,1630535,Greg Brown III,Greg,,,8.000000:44,104.8,100.0,101.3,100.0,3.5,0.0,0.0,0.0,0.0,0.071,0.1,0.083,20.0,1.0,0.595,0.2,0.208,103.99,107.18,89.31,20,0.016,11.0
22300385,1610612742,DAL,Dallas,1630535,Greg Brown III,Greg,,,12.000000:08,122.0,114.8,113.0,114.3,9.1,0.5,0.182,0.0,28.6,0.067,0.267,0.167,0.0,0.0,0.315,0.152,0.159,106.26,108.79,90.66,27,0.073,9.0
22300398,1610612742,DAL,Dallas,1630535,Greg Brown III,Greg,,,4.000000:36,7.8,7.7,109.3,114.3,-101.5,-106.6,0.0,0.0,0.0,0.0,0.0,0.0,66.7,0.0,0.0,0.231,0.233,143.58,140.87,117.39,13,-0.226,24.0
22300501,1610612742,DAL,Dallas,1630535,Greg Brown III,Greg,,DNP - Coach's Decision,,,0.0,,0.0,,0.0,,,,0.0,0.0,0.0,,,,0.0,0.0,,,,0,,23.0
22300306,1610612742,DAL,Dallas,1630535,Greg Brown III,Greg,,DNP - Coach's Decision,,,0.0,,0.0,,0.0,,,,0.0,0.0,0.0,,,,0.0,0.0,,,,0,,23.0
