GAME_ID,TEAM_ID,TEAM_ABBREVIATION,TEAM_CITY,PLAYER_ID,PLAYER_NAME,NICKNAME,START_POSITION,COMMENT,MIN,E_OFF_RATING,OFF_RATING,E_DEF_RATING,DEF_RATING,E_NET_RATING,NET_RATING,AST_PCT,AST_TOV,AST_RATIO,OREB_PCT,DREB_PCT,REB_PCT,TM_TOV_PCT,EFG_PCT,TS_PCT,USG_PCT,E_USG_PCT,E_PACE,PACE,PACE_PER40,POSS,PIE,Unnamed: 0
22301177,1610612763,MEM,Memphis,1631298,Jack White,Jack,,,14.000000:10,96.9,93.8,128.4,121.2,-31.5,-27.5,0.0,0.0,0.0,0.059,0.273,0.143,33.3,0.0,0.0,0.079,0.083,105.24,110.12,91.76,32,0.009,22.0
22301158,1610612763,MEM,Memphis,1631298,Jack White,Jack,,,14.000000:39,69.3,68.8,87.9,90.0,-18.6,-21.3,0.125,1.0,20.0,0.1,0.111,0.105,20.0,0.0,0.0,0.108,0.115,102.37,101.58,84.65,32,0.03,7.0
22301151,1610612763,MEM,Memphis,1631298,Jack White,Jack,,,25.000000:31,90.2,92.2,119.5,120.0,-29.3,-27.8,0.0,0.0,0.0,0.0,0.105,0.036,0.0,0.429,0.429,0.109,0.115,96.2,95.0,79.16,51,0.033,19.0
22301193,1610612763,MEM,Memphis,1631298,Jack White,Jack,,,9.000000:19,104.2,104.5,110.2,104.5,-6.0,0.0,0.0,0.0,0.0,0.091,0.091,0.091,0.0,0.0,0.0,0.16,0.159,110.67,113.35,94.45,22,-0.07,22.0
