GAME_ID,TEAM_ID,TEAM_ABBREVIATION,TEAM_CITY,PLAYER_ID,PLAYER_NAME,NICKNAME,START_POSITION,COMMENT,MIN,E_OFF_RATING,OFF_RATING,E_DEF_RATING,DEF_RATING,E_NET_RATING,NET_RATING,AST_PCT,AST_TOV,AST_RATIO,OREB_PCT,DREB_PCT,REB_PCT,TM_TOV_PCT,EFG_PCT,TS_PCT,USG_PCT,E_USG_PCT,E_PACE,PACE,PACE_PER40,POSS,PIE,Unnamed: 0
22300285,1610612740,NOP,New Orleans,1631220,Dereon Seabron,Dereon,,DNP - Coach's Decision,,,0.0,,0.0,,0.0,,,,0.0,0.0,0.0,,,,0.0,0.0,,,,0,,11.0
22300022,1610612740,NOP,New Orleans,1631220,Dereon Seabron,Dereon,,,2.000000:03,40.0,40.0,33.3,33.3,6.7,6.7,0.0,0.0,0.0,0.0,0.0,0.0,0.0,0.0,0.0,0.0,0.0,128.78,128.78,107.32,5,1.0,24.0
22300156,1610612740,NOP,New Orleans,1631220,Dereon Seabron,Dereon,,DNP - Coach's Decision,,,0.0,,0.0,,0.0,,,,0.0,0.0,0.0,,,,0.0,0.0,,,,0,,11.0
22300183,1610612740,NOP,New Orleans,1631220,Dereon Seabron,Dereon,,,8.000000:05,166.7,168.4,90.1,84.2,76.6,84.2,0.182,0.0,50.0,0.0,0.231,0.176,0.0,1.0,0.798,0.1,0.099,109.74,112.82,94.02,19,0.121,24.0
22300837,1610612740,NOP,New Orleans,1631220,Dereon Seabron,Dereon,,,2.000000:39,120.0,120.0,91.9,100.0,28.1,20.0,0.5,0.0,100.0,0.0,0.0,0.0,0.0,0.0,0.0,0.0,0.0,94.55,90.57,75.47,5,0.08,10.0
22300011,1610612740,NOP,New Orleans,1631220,Dereon Seabron,Dereon,,,12.000000:18,80.5,80.8,108.1,107.1,-27.5,-26.4,0.0,0.0,0.0,0.0,0.059,0.033,0.0,0.0,0.0,0.103,0.103,105.05,105.37,87.8,26,-0.024,6.0
22300166,1610612740,NOP,New Orleans,1631220,Dereon Seabron,Dereon,,,16.000000:57,105.7,110.5,98.4,97.4,7.3,13.2,0.1,0.0,11.1,0.063,0.111,0.088,0.0,0.5,0.571,0.186,0.187,109.48,107.61,89.68,38,0.13,8.0
22300129,1610612740,NOP,New Orleans,1631220,Dereon Seabron,Dereon,,,13.000000:03,146.8,150.0,83.7,87.5,63.1,62.5,0.083,0.0,25.0,0.0,0.0,0.0,0.0,0.0,0.347,0.107,0.109,91.22,88.28,73.56,24,0.0,21.0
22300843,1610612740,NOP,New Orleans,1631220,Dereon Seabron,Dereon,,DNP - Coach's Decision,,,0.0,,0.0,,0.0,,,,0.0,0.0,0.0,,,,0.0,0.0,,,,0,,13.0
