GAME_ID,TEAM_ID,TEAM_ABBREVIATION,TEAM_CITY,PLAYER_ID,PLAYER_NAME,NICKNAME,START_POSITION,COMMENT,MIN,E_OFF_RATING,OFF_RATING,E_DEF_RATING,DEF_RATING,E_NET_RATING,NET_RATING,AST_PCT,AST_TOV,AST_RATIO,OREB_PCT,DREB_PCT,REB_PCT,TM_TOV_PCT,EFG_PCT,TS_PCT,USG_PCT,E_USG_PCT,E_PACE,PACE,PACE_PER40,POSS,PIE,Unnamed: 0
22301001,1610612763,MEM,Memphis,1641970,Mãozinha Pereira,Mãozinha,,,5.000000:43,110.3,109.1,81.0,72.7,29.3,36.4,0.0,0.0,0.0,0.0,0.0,0.0,0.0,0.5,0.5,0.154,0.155,87.16,92.36,76.97,11,0.0,8.0
22301015,1610612763,MEM,Memphis,1641970,Mãozinha Pereira,Mãozinha,,,13.000000:21,62.0,62.5,66.7,68.8,-4.8,-6.3,0.0,0.0,0.0,0.0,0.158,0.075,25.0,0.0,0.0,0.111,0.113,117.29,115.06,95.88,32,-0.043,8.0
22301088,1610612763,MEM,Memphis,1641970,Mãozinha Pereira,Mãozinha,,DNP - Coach's Decision,,,0.0,,0.0,,0.0,,,,0.0,0.0,0.0,,,,0.0,0.0,,,,0,,9.0
22301129,1610612763,MEM,Memphis,1641970,Mãozinha Pereira,Mãozinha,F,,36.000000:16,104.9,102.6,119.2,118.2,-14.2,-15.6,0.043,0.33,7.1,0.0,0.333,0.164,21.4,0.667,0.658,0.146,0.151,100.99,102.57,85.48,78,0.104,14.0
22301075,1610612763,MEM,Memphis,1641970,Mãozinha Pereira,Mãozinha,,,28.000000:37,99.3,93.3,113.6,115.3,-14.3,-21.9,0.056,1.0,11.1,0.111,0.154,0.129,11.1,0.4,0.518,0.113,0.119,97.49,99.8,83.17,60,0.07,6.0
22301107,1610612763,MEM,Memphis,1641970,Mãozinha Pereira,Mãozinha,,DNP - Coach's Decision,,,0.0,,0.0,,0.0,,,,0.0,0.0,0.0,,,,0.0,0.0,,,,0,,10.0
22301040,1610612763,MEM,Memphis,1641970,Mãozinha Pereira,Mãozinha,,,5.000000:55,124.6,141.7,116.7,107.7,8.0,34.0,0.0,0.0,0.0,0.3,0.4,0.333,0.0,0.625,0.563,0.235,0.227,104.0,101.41,84.51,12,0.228,9.0
22301055,1610612763,MEM,Memphis,1641970,Mãozinha Pereira,Mãozinha,,,1.000000:19,200.0,133.3,66.7,66.7,133.3,66.7,0.0,0.0,0.0,1.0,0.0,0.5,0.0,1.0,1.0,0.5,0.667,91.14,109.37,91.14,3,0.818,22.0
22301121,1610612763,MEM,Memphis,1641970,Mãozinha Pereira,Mãozinha,,,30.000000:27,102.8,108.1,70.3,68.9,32.5,39.2,0.0,0.0,0.0,0.088,0.167,0.129,0.0,0.7,0.751,0.143,0.144,98.43,96.95,80.79,62,0.222,21.0
