GAME_ID,TEAM_ID,TEAM_ABBREVIATION,TEAM_CITY,PLAYER_ID,PLAYER_NAME,NICKNAME,START_POSITION,COMMENT,MIN,E_OFF_RATING,OFF_RATING,E_DEF_RATING,DEF_RATING,E_NET_RATING,NET_RATING,AST_PCT,AST_TOV,AST_RATIO,OREB_PCT,DREB_PCT,REB_PCT,TM_TOV_PCT,EFG_PCT,TS_PCT,USG_PCT,E_USG_PCT,E_PACE,PACE,PACE_PER40,POSS,PIE,Unnamed: 0
22301177,1610612763,MEM,Memphis,1641851,Timmy Allen,Timmy,,,27.000000:13,105.4,110.7,137.5,136.2,-32.2,-25.5,0.048,1.0,16.7,0.103,0.167,0.128,16.7,0.25,0.25,0.075,0.074,102.54,100.53,83.77,56,0.005,20.0
22301158,1610612763,MEM,Memphis,1641851,Timmy Allen,Timmy,,,16.000000:17,70.1,73.5,103.8,105.6,-33.7,-32.0,0.143,0.0,33.3,0.0,0.19,0.087,0.0,0.5,0.5,0.05,0.05,106.47,103.17,85.98,34,0.0,5.0
22301129,1610612763,MEM,Memphis,1641851,Timmy Allen,Timmy,,,26.000000:04,81.3,80.8,117.5,113.2,-36.1,-32.4,0.0,0.0,0.0,0.0,0.091,0.036,14.3,0.167,0.167,0.111,0.112,94.58,96.68,80.56,52,-0.044,20.0
22301151,1610612763,MEM,Memphis,1641851,Timmy Allen,Timmy,,,31.000000:27,88.8,90.3,106.2,106.3,-17.4,-16.0,0.105,0.0,18.2,0.023,0.115,0.057,0.0,0.333,0.333,0.118,0.123,96.27,95.39,79.49,62,0.03,18.0
22301193,1610612763,MEM,Memphis,1641851,Timmy Allen,Timmy,,,24.000000:26,95.8,100.0,110.9,107.4,-15.1,-7.4,0.048,0.0,25.0,0.0,0.036,0.017,0.0,0.0,0.174,0.048,0.047,104.66,104.11,86.76,52,-0.012,20.0
