GAME_ID,TEAM_ID,TEAM_ABBREVIATION,TEAM_CITY,PLAYER_ID,PLAYER_NAME,NICKNAME,START_POSITION,COMMENT,MIN,E_OFF_RATING,OFF_RATING,E_DEF_RATING,DEF_RATING,E_NET_RATING,NET_RATING,AST_PCT,AST_TOV,AST_RATIO,OREB_PCT,DREB_PCT,REB_PCT,TM_TOV_PCT,EFG_PCT,TS_PCT,USG_PCT,E_USG_PCT,E_PACE,PACE,PACE_PER40,POSS,PIE,Unnamed: 0
22000777,1610612753,ORL,Orlando,1629962,Devin Cannady,Devin,,,1.000000:44,106.4,133.3,69.4,50.0,36.9,83.3,0.0,0.0,0.0,0.0,0.0,0.0,0.0,0.0,0.347,0.75,0.798,91.94,96.92,80.77,3,0.0,25.0
22000808,1610612753,ORL,Orlando,1629962,Devin Cannady,Devin,,,6.000000:56,84.4,86.7,147.8,146.7,-63.4,-60.0,0.0,0.0,0.0,0.0,0.0,0.0,0.0,0.5,0.694,0.176,0.195,104.82,103.85,86.54,15,0.091,22.0
22000893,1610612753,ORL,Orlando,1629962,Devin Cannady,Devin,,,24.000000:29,107.5,101.9,117.5,121.2,-10.0,-19.2,0.0,0.0,0.0,0.0,0.12,0.056,0.0,0.773,0.773,0.19,0.203,100.85,101.95,84.96,52,0.153,19.0
22000864,1610612753,ORL,Orlando,1629962,Devin Cannady,Devin,,,15.000000:23,92.1,100.0,107.2,106.1,-15.2,-6.1,0.077,1.0,20.0,0.0,0.154,0.065,20.0,0.0,0.0,0.105,0.106,105.15,101.41,84.51,32,-0.019,19.0
22000876,1610612753,ORL,Orlando,1629962,Devin Cannady,Devin,,,18.000000:17,84.4,82.9,103.1,100.0,-18.7,-17.1,0.0,0.0,0.0,0.0,0.0,0.0,12.5,0.214,0.214,0.178,0.185,102.55,105.01,87.51,41,-0.125,6.0
22000914,1610612753,ORL,Orlando,1629962,Devin Cannady,Devin,,,0.000000:54,100.0,100.0,266.0,250.0,-166.0,-150.0,0.0,0.0,0.0,0.0,0.0,0.0,0.0,0.0,0.0,0.0,0.0,103.47,106.67,88.89,2,-0.167,20.0
22000849,1610612753,ORL,Orlando,1629962,Devin Cannady,Devin,,,1.000000:57,154.6,120.0,55.1,60.0,99.5,60.0,0.0,0.0,0.0,0.0,0.0,0.0,0.0,0.0,0.0,0.0,0.0,114.71,123.08,102.56,5,0.111,11.0
22000790,1610612753,ORL,Orlando,1629962,Devin Cannady,Devin,,DNP - Coach's Decision,,,0.0,,0.0,,0.0,,,,0.0,0.0,0.0,,,,0.0,0.0,,,,0,,25.0
22000816,1610612753,ORL,Orlando,1629962,Devin Cannady,Devin,,,4.000000:41,168.1,177.8,137.3,140.0,30.8,37.8,0.0,0.0,0.0,0.0,0.0,0.0,0.0,1.0,0.926,0.308,0.296,101.06,97.37,81.14,9,0.342,24.0
