GAME_ID,TEAM_ID,TEAM_ABBREVIATION,TEAM_CITY,PLAYER_ID,PLAYER_NAME,NICKNAME,START_POSITION,COMMENT,MIN,E_OFF_RATING,OFF_RATING,E_DEF_RATING,DEF_RATING,E_NET_RATING,NET_RATING,AST_PCT,AST_TOV,AST_RATIO,OREB_PCT,DREB_PCT,REB_PCT,TM_TOV_PCT,EFG_PCT,TS_PCT,USG_PCT,E_USG_PCT,E_PACE,PACE,PACE_PER40,POSS,PIE,Unnamed: 0
22000472,1610612751,BKN,Brooklyn,203460,Andre Roberson,Andre,,DNP - Coach's Decision,,,0.0,,0.0,,0.0,,,,0.0,0.0,0.0,,,,0.0,0.0,,,,0,,10.0
22000534,1610612751,BKN,Brooklyn,203460,Andre Roberson,Andre,,,6.000000:42,93.5,78.6,109.7,107.7,-16.2,-29.1,0.25,1.0,33.3,0.111,0.0,0.067,33.3,0.0,0.0,0.125,0.145,87.94,96.84,80.7,14,-0.075,5.0
22000482,1610612751,BKN,Brooklyn,203460,Andre Roberson,Andre,,,17.000000:20,108.9,108.1,123.5,123.1,-14.5,-15.0,0.154,0.0,40.0,0.056,0.231,0.129,0.0,0.0,0.0,0.077,0.077,104.67,105.22,87.68,37,0.028,20.0
22000446,1610612751,BKN,Brooklyn,203460,Andre Roberson,Andre,,,4.000000:21,76.1,66.7,154.0,162.5,-77.9,-95.8,0.0,0.0,0.0,0.0,0.333,0.143,100.0,0.0,0.0,0.111,0.127,90.04,93.79,78.16,9,0.027,9.0
22000519,1610612751,BKN,Brooklyn,203460,Andre Roberson,Andre,,,19.000000:53,98.6,94.9,88.4,91.9,10.2,3.0,0.091,0.0,10.0,0.192,0.158,0.178,0.0,0.313,0.338,0.184,0.193,91.69,91.74,76.45,39,0.122,19.0
22000546,1610612751,BKN,Brooklyn,203460,Andre Roberson,Andre,,,14.000000:40,123.2,116.7,137.1,139.3,-13.9,-22.6,0.0,0.0,0.0,0.0,0.056,0.034,0.0,0.0,0.0,0.063,0.066,93.01,94.91,79.09,30,-0.039,7.0
22000433,1610612751,BKN,Brooklyn,203460,Andre Roberson,Andre,,DNP - Coach's Decision,,,0.0,,0.0,,0.0,,,,0.0,0.0,0.0,,,,0.0,0.0,,,,0,,10.0
