GAME_ID,TEAM_ID,TEAM_ABBREVIATION,TEAM_CITY,PLAYER_ID,PLAYER_NAME,NICKNAME,START_POSITION,COMMENT,MIN,E_OFF_RATING,OFF_RATING,E_DEF_RATING,DEF_RATING,E_NET_RATING,NET_RATING,AST_PCT,AST_TOV,AST_RATIO,OREB_PCT,DREB_PCT,REB_PCT,TM_TOV_PCT,EFG_PCT,TS_PCT,USG_PCT,E_USG_PCT,E_PACE,PACE,PACE_PER40,POSS,PIE,Unnamed: 0
22000011,1610612754,IND,Indiana,203933,T.J. Warren,T.J.,F,,22.000000:58,111.4,118.0,108.0,103.9,3.4,14.1,0.048,0.0,11.1,0.0,0.048,0.021,0.0,0.25,0.296,0.14,0.138,106.63,105.54,87.95,50,-0.009,15.0
22000048,1610612754,IND,Indiana,203933,T.J. Warren,T.J.,F,,29.000000:56,107.6,109.8,126.3,125.4,-18.7,-15.6,0.0,0.0,0.0,0.0,0.069,0.036,12.5,0.538,0.576,0.242,0.245,100.1,99.43,82.86,61,0.039,14.0
22000026,1610612754,IND,Indiana,203933,T.J. Warren,T.J.,F,,26.000000:59,122.9,125.9,106.0,106.7,16.9,19.2,0.15,0.0,14.3,0.08,0.129,0.107,0.0,0.625,0.648,0.286,0.288,106.52,104.95,87.46,58,0.163,0.0
22000037,1610612754,IND,Indiana,203933,T.J. Warren,T.J.,F,,37.000000:30,95.8,97.5,100.1,100.0,-4.3,-2.5,0.04,0.5,5.9,0.0,0.156,0.068,11.8,0.571,0.589,0.186,0.183,101.96,101.12,84.27,79,0.08,14.0
