GAME_ID,TEAM_ID,TEAM_ABBREVIATION,TEAM_CITY,PLAYER_ID,PLAYER_NAME,NICKNAME,START_POSITION,COMMENT,MIN,E_OFF_RATING,OFF_RATING,E_DEF_RATING,DEF_RATING,E_NET_RATING,NET_RATING,AST_PCT,AST_TOV,AST_RATIO,OREB_PCT,DREB_PCT,REB_PCT,TM_TOV_PCT,EFG_PCT,TS_PCT,USG_PCT,E_USG_PCT,E_PACE,PACE,PACE_PER40,POSS,PIE,Unnamed: 0
22301160,1610612761,TOR,Toronto,1642013,Malik Williams,Malik,C,,24.000000:07,113.3,117.8,115.3,117.8,-2.0,0.0,0.059,1.0,8.3,0.185,0.375,0.275,8.3,0.35,0.35,0.196,0.197,92.27,89.56,74.64,45,0.095,2.0
22301189,1610612761,TOR,Toronto,1642013,Malik Williams,Malik,,,11.000000:07,69.0,69.6,114.2,116.7,-45.2,-47.1,0.0,0.0,0.0,0.154,0.222,0.182,0.0,0.429,0.429,0.28,0.278,103.1,101.55,84.62,23,0.102,7.0
22301176,1610612761,TOR,Toronto,1642013,Malik Williams,Malik,,,19.000000:06,102.8,100.0,132.6,135.9,-29.8,-35.9,0.0,0.0,0.0,0.154,0.133,0.143,33.3,0.0,0.0,0.075,0.077,96.65,96.75,80.63,38,-0.036,7.0
22301137,1610612761,TOR,Toronto,1642013,Malik Williams,Malik,,,4.000000:40,50.0,50.0,61.5,54.5,-11.5,-4.5,0.0,0.0,0.0,0.0,0.25,0.154,0.0,0.0,0.0,0.0,0.0,101.62,108.0,90.0,10,0.0,20.0
22301122,1610612761,TOR,Toronto,1642013,Malik Williams,Malik,,,2.000000:12,50.0,50.0,120.0,120.0,-70.0,-70.0,0.0,0.0,0.0,0.0,0.0,0.0,0.0,0.0,0.0,0.0,0.0,98.18,98.18,81.82,4,0.059,8.0
22301108,1610612761,TOR,Toronto,1642013,Malik Williams,Malik,C,,31.000000:07,76.8,80.9,119.0,117.9,-42.2,-37.0,0.045,1.0,11.1,0.026,0.1,0.064,11.1,0.0,0.0,0.104,0.103,106.47,104.12,86.77,68,-0.011,2.0
22301146,1610612761,TOR,Toronto,1642013,Malik Williams,Malik,,,14.000000:12,128.8,112.5,115.4,120.0,13.4,-7.5,0.0,0.0,0.0,0.238,0.235,0.237,0.0,0.375,0.338,0.209,0.237,99.99,104.79,87.32,32,0.048,22.0
