GAME_ID,TEAM_ID,TEAM_ABBREVIATION,TEAM_CITY,PLAYER_ID,PLAYER_NAME,NICKNAME,START_POSITION,COMMENT,MIN,E_OFF_RATING,OFF_RATING,E_DEF_RATING,DEF_RATING,E_NET_RATING,NET_RATING,AST_PCT,AST_TOV,AST_RATIO,OREB_PCT,DREB_PCT,REB_PCT,TM_TOV_PCT,EFG_PCT,TS_PCT,USG_PCT,E_USG_PCT,E_PACE,PACE,PACE_PER40,POSS,PIE,Unnamed: 0
20501151,1610612752,NYK,New York,2137,Ime Udoka,Ime,,,13.000000:44,69.7,66.7,125.8,124.0,-56.1,-57.3,0.25,0.0,33.3,0.0,0.063,0.04,0.0,0.0,0.0,0.077,0.08,83.18,85.63,71.36,24,-0.033,10.0
20501220,1610612752,NYK,New York,2137,Ime Udoka,Ime,,,22.000000:32,112.7,113.5,109.8,105.4,2.9,8.1,0.143,0.0,33.3,0.0,0.087,0.054,0.0,0.25,0.25,0.093,0.095,77.54,78.82,65.69,37,0.016,6.0
20501180,1610612752,NYK,New York,2137,Ime Udoka,Ime,,,13.000000:02,112.2,112.0,70.7,64.0,41.5,48.0,0.0,0.0,0.0,0.1,0.273,0.19,0.0,1.0,1.031,0.143,0.148,87.61,92.02,76.69,25,0.333,21.0
20501124,1610612752,NYK,New York,2137,Ime Udoka,Ime,,,4.000000:18,177.7,175.0,128.6,112.5,49.1,62.5,0.0,0.0,0.0,0.0,0.0,0.0,0.0,0.0,0.0,0.0,0.0,83.21,89.48,74.56,8,0.0,21.0
20501139,1610612752,NYK,New York,2137,Ime Udoka,Ime,,,7.000000:31,101.9,92.9,78.9,80.0,22.9,12.9,0.2,0.0,25.0,0.0,0.167,0.077,0.0,0.0,0.181,0.188,0.203,89.27,92.59,77.16,14,-0.057,9.0
20501198,1610612752,NYK,New York,2137,Ime Udoka,Ime,,,20.000000:24,99.0,97.6,93.6,90.2,5.4,7.3,0.0,0.0,0.0,0.087,0.143,0.114,0.0,0.375,0.375,0.16,0.162,94.02,96.47,80.39,41,0.05,5.0
20501206,1610612752,NYK,New York,2137,Ime Udoka,Ime,,,23.000000:58,87.9,83.3,113.6,112.0,-25.8,-28.7,0.0,0.0,0.0,0.0,0.19,0.098,40.0,0.833,0.833,0.094,0.099,94.93,98.14,81.78,48,0.053,19.0
20501174,1610612752,NYK,New York,2137,Ime Udoka,Ime,,,8.000000:47,93.3,93.3,117.1,117.6,-23.8,-24.3,0.286,0.0,40.0,0.0,0.0,0.0,0.0,0.0,0.0,0.188,0.188,87.59,87.37,72.81,15,0.0,8.0
