GAME_ID,TEAM_ID,TEAM_ABBREVIATION,TEAM_CITY,PLAYER_ID,PLAYER_NAME,NICKNAME,START_POSITION,COMMENT,MIN,E_OFF_RATING,OFF_RATING,E_DEF_RATING,DEF_RATING,E_NET_RATING,NET_RATING,AST_PCT,AST_TOV,AST_RATIO,OREB_PCT,DREB_PCT,REB_PCT,TM_TOV_PCT,EFG_PCT,TS_PCT,USG_PCT,E_USG_PCT,E_PACE,PACE,PACE_PER40,POSS,PIE,Unnamed: 0
20500105,1610612742,DAL,Dallas,57,Doug Christie,Doug,G,,17.000000:02,79.3,78.1,113.1,112.1,-33.8,-34.0,0.25,0.0,33.3,0.0,0.118,0.061,0.0,0.0,0.399,0.108,0.113,90.51,91.59,76.32,32,0.105,15.0
20500075,1610612742,DAL,Dallas,57,Doug Christie,Doug,G,,20.000000:15,97.7,97.6,78.7,76.7,18.9,20.8,0.143,0.0,40.0,0.0,0.043,0.025,0.0,0.5,0.694,0.067,0.067,98.24,99.56,82.97,41,0.139,3.0
20500039,1610612742,DAL,Dallas,57,Doug Christie,Doug,G,,30.000000:54,116.9,110.2,77.3,82.5,39.7,27.7,0.125,3.0,42.9,0.0,0.065,0.033,14.3,0.667,0.667,0.058,0.061,90.44,90.1,75.08,59,0.12,15.0
20500003,1610612742,DAL,Dallas,57,Doug Christie,Doug,G,,24.000000:50,86.8,86.0,91.6,88.5,-4.8,-2.5,0.167,0.0,42.9,0.0,0.091,0.041,0.0,0.0,0.0,0.07,0.071,96.37,98.58,82.15,50,-0.014,3.0
20500014,1610612742,DAL,Dallas,57,Doug Christie,Doug,G,,30.000000:57,85.8,85.5,111.3,114.8,-25.5,-29.4,0.125,1.0,16.7,0.061,0.107,0.082,16.7,0.167,0.258,0.149,0.152,85.7,84.52,70.44,55,0.0,4.0
20500330,1610612742,DAL,Dallas,57,Doug Christie,Doug,,DNP - Coach's Decision,,,0.0,,0.0,,0.0,,,,0.0,0.0,0.0,,,,0.0,0.0,,,,0,,22.0
20500085,1610612742,DAL,Dallas,57,Doug Christie,Doug,G,,31.000000:01,123.8,123.6,114.0,114.0,9.9,9.6,0.042,0.0,25.0,0.0,0.045,0.023,0.0,0.5,0.521,0.05,0.05,86.63,86.66,72.22,55,0.01,4.0
20500250,1610612742,DAL,Dallas,57,Doug Christie,Doug,,DNP - Coach's Decision,,,0.0,,0.0,,0.0,,,,0.0,0.0,0.0,,,,0.0,0.0,,,,0,,8.0
20500056,1610612742,DAL,Dallas,57,Doug Christie,Doug,G,,30.000000:13,95.1,96.4,111.5,112.3,-16.4,-15.9,0.056,0.33,9.1,0.0,0.0,0.0,27.3,0.571,0.571,0.159,0.159,89.85,88.96,74.14,55,0.035,3.0
