GAME_ID,TEAM_ID,TEAM_ABBREVIATION,TEAM_CITY,PLAYER_ID,PLAYER_NAME,NICKNAME,START_POSITION,COMMENT,MIN,E_OFF_RATING,OFF_RATING,E_DEF_RATING,DEF_RATING,E_NET_RATING,NET_RATING,AST_PCT,AST_TOV,AST_RATIO,OREB_PCT,DREB_PCT,REB_PCT,TM_TOV_PCT,EFG_PCT,TS_PCT,USG_PCT,E_USG_PCT,E_PACE,PACE,PACE_PER40,POSS,PIE,Unnamed: 0
21300071,1610612743,DEN,Denver,201580,JaVale McGee,JaVale,C,,23.000000:40,127.7,128.6,101.2,104.1,26.5,24.5,0.0,0.0,0.0,0.045,0.105,0.073,0.0,0.538,0.538,0.232,0.235,101.11,99.37,82.81,49,0.083,15.0
21300016,1610612743,DEN,Denver,201580,JaVale McGee,JaVale,C,,10.000000:06,114.9,114.3,101.7,100.0,13.3,14.3,0.0,0.0,0.0,0.125,0.0,0.056,16.7,0.4,0.4,0.261,0.262,101.0,102.14,85.12,21,-0.063,2.0
21300029,1610612743,DEN,Denver,201580,JaVale McGee,JaVale,C,,12.000000:47,99.7,100.0,136.2,144.0,-36.5,-44.0,0.125,0.0,14.3,0.118,0.067,0.094,0.0,0.5,0.5,0.194,0.199,96.73,93.87,78.23,25,0.116,15.0
21300083,1610612743,DEN,Denver,201580,JaVale McGee,JaVale,C,,12.000000:25,100.5,100.0,129.2,129.6,-28.8,-29.6,0.1,0.5,14.3,0.182,0.167,0.176,28.6,0.25,0.25,0.207,0.208,102.37,102.44,85.37,26,-0.052,2.0
21300057,1610612743,DEN,Denver,201580,JaVale McGee,JaVale,C,,20.000000:31,88.7,89.1,85.8,88.9,3.0,0.2,0.0,0.0,0.0,0.16,0.188,0.171,33.3,0.4,0.431,0.288,0.293,108.6,106.45,88.71,46,-0.015,15.0
