GAME_ID,TEAM_ID,TEAM_ABBREVIATION,TEAM_CITY,PLAYER_ID,PLAYER_NAME,NICKNAME,START_POSITION,COMMENT,MIN,E_OFF_RATING,OFF_RATING,E_DEF_RATING,DEF_RATING,E_NET_RATING,NET_RATING,AST_PCT,AST_TOV,AST_RATIO,OREB_PCT,DREB_PCT,REB_PCT,TM_TOV_PCT,EFG_PCT,TS_PCT,USG_PCT,E_USG_PCT,E_PACE,PACE,PACE_PER40,POSS,PIE,Unnamed: 0
21301221,1610612759,SAS,San Antonio,202345,Damion James,Damion,,,12.000000:00,102.0,104.2,118.6,112.5,-16.7,-8.3,0.111,0.0,33.3,0.0,0.0,0.0,0.0,0.0,0.0,0.077,0.078,94.56,96.0,80.0,24,-0.045,25.0
21301209,1610612759,SAS,San Antonio,202345,Damion James,Damion,F,,28.000000:37,117.2,117.2,101.0,96.5,16.2,20.8,0.083,2.0,22.2,0.031,0.267,0.145,11.1,0.4,0.51,0.108,0.108,94.37,96.45,80.37,58,0.093,0.0
21300275,1610612759,SAS,San Antonio,202345,Damion James,Damion,,,4.000000:44,137.0,120.0,146.4,130.0,-9.4,-10.0,0.0,0.0,0.0,0.0,0.25,0.111,0.0,0.0,0.0,0.077,0.085,89.44,101.41,84.51,10,0.0,12.0
21301186,1610612759,SAS,San Antonio,202345,Damion James,Damion,,,0.000000:04,0.0,0.0,0.0,0.0,0.0,0.0,0.0,0.0,0.0,0.0,0.0,0.0,0.0,0.0,0.0,0.0,0.0,334.88,334.89,279.07,0,0.0,24.0
21301127,1610612759,SAS,San Antonio,202345,Damion James,Damion,,,4.000000:56,105.4,110.0,96.6,90.0,8.8,20.0,0.0,0.0,0.0,0.0,0.5,0.2,0.0,0.0,0.0,0.083,0.08,96.13,97.3,81.08,10,0.069,9.0
