GAME_ID,TEAM_ID,TEAM_ABBREVIATION,TEAM_CITY,PLAYER_ID,PLAYER_NAME,NICKNAME,START_POSITION,COMMENT,MIN,E_OFF_RATING,OFF_RATING,E_DEF_RATING,DEF_RATING,E_NET_RATING,NET_RATING,AST_PCT,AST_TOV,AST_RATIO,OREB_PCT,DREB_PCT,REB_PCT,TM_TOV_PCT,EFG_PCT,TS_PCT,USG_PCT,E_USG_PCT,E_PACE,PACE,PACE_PER40,POSS,PIE,Unnamed: 0
21301183,1610612745,HOU,Houston,203584,Troy Daniels,Troy,,DNP - Coach's Decision,,,0.0,,0.0,,0.0,,,,0.0,0.0,0.0,,,,0.0,0.0,,,,0,,11.0
21301209,1610612745,HOU,Houston,203584,Troy Daniels,Troy,,DNP - Coach's Decision,,,0.0,,0.0,,0.0,,,,0.0,0.0,0.0,,,,0.0,0.0,,,,0,,23.0
21301194,1610612745,HOU,Houston,203584,Troy Daniels,Troy,,,12.000000:44,153.4,153.6,84.5,88.9,68.8,64.7,0.0,0.0,0.0,0.0,0.083,0.042,16.7,0.3,0.3,0.182,0.2,106.38,103.66,86.39,28,-0.021,22.0
21300926,1610612745,HOU,Houston,203584,Troy Daniels,Troy,,,5.000000:32,131.6,116.7,119.0,133.3,12.5,-16.7,0.0,0.0,0.0,0.0,0.0,0.0,0.0,0.625,0.625,0.333,0.376,104.44,104.1,86.75,12,0.08,23.0
21301219,1610612745,HOU,Houston,203584,Troy Daniels,Troy,G,,43.000000:55,115.9,119.5,121.9,119.0,-6.0,0.5,0.192,5.0,22.7,0.0,0.028,0.013,4.5,0.688,0.688,0.177,0.176,91.05,90.72,75.6,82,0.082,3.0
21300900,1610612745,HOU,Houston,203584,Troy Daniels,Troy,,DNP - Coach's Decision,,,0.0,,0.0,,0.0,,,,0.0,0.0,0.0,,,,0.0,0.0,,,,0,,24.0
21301171,1610612745,HOU,Houston,203584,Troy Daniels,Troy,,,11.000000:05,140.8,140.0,56.5,61.9,84.3,78.1,0.0,0.0,0.0,0.0,0.143,0.087,14.3,1.0,1.0,0.292,0.293,92.85,88.78,73.98,20,0.278,10.0
21300905,1610612745,HOU,Houston,203584,Troy Daniels,Troy,,,1.000000:32,69.4,50.0,133.3,100.0,-63.9,-50.0,0.0,0.0,0.0,0.0,0.0,0.0,0.0,0.0,0.0,0.0,0.0,92.03,125.22,104.35,4,0.0,11.0
