GAME_ID,TEAM_ID,TEAM_ABBREVIATION,TEAM_CITY,PLAYER_ID,PLAYER_NAME,NICKNAME,START_POSITION,COMMENT,MIN,E_OFF_RATING,OFF_RATING,E_DEF_RATING,DEF_RATING,E_NET_RATING,NET_RATING,AST_PCT,AST_TOV,AST_RATIO,OREB_PCT,DREB_PCT,REB_PCT,TM_TOV_PCT,EFG_PCT,TS_PCT,USG_PCT,E_USG_PCT,E_PACE,PACE,PACE_PER40,POSS,PIE,Unnamed: 0
21300064,1610612762,UTA,Utah,2224,Jamaal Tinsley,Jamaal,G,,20.000000:23,98.5,100.0,124.5,130.8,-26.0,-30.8,0.267,2.0,50.0,0.0,0.0,0.0,25.0,0.0,0.0,0.093,0.094,96.03,93.02,77.51,40,-0.03,4.0
21300104,1610612762,UTA,Utah,2224,Jamaal Tinsley,Jamaal,,,11.000000:44,64.7,65.0,83.9,86.4,-19.2,-21.4,1.0,3.0,60.0,0.0,0.091,0.053,20.0,0.0,0.0,0.095,0.095,87.38,85.91,71.59,20,0.5,20.0
21300014,1610612762,UTA,Utah,2224,Jamaal Tinsley,Jamaal,,,8.000000:05,102.7,105.9,82.5,76.5,20.3,29.4,0.5,3.0,42.9,0.0,0.0,0.0,14.3,0.0,0.0,0.19,0.195,98.81,100.95,84.12,17,-0.103,20.0
21300038,1610612762,UTA,Utah,2224,Jamaal Tinsley,Jamaal,G,,14.000000:15,85.4,81.5,78.6,77.8,6.8,3.7,0.2,1.0,33.3,0.0,0.083,0.04,33.3,0.0,0.0,0.129,0.134,88.39,90.95,75.79,27,-0.133,17.0
21300030,1610612762,UTA,Utah,2224,Jamaal Tinsley,Jamaal,,,16.000000:35,87.5,90.9,71.8,75.8,15.8,15.2,0.333,3.0,37.5,0.059,0.118,0.088,12.5,0.5,0.5,0.114,0.118,100.03,95.52,79.6,33,0.382,6.0
21300085,1610612762,UTA,Utah,2224,Jamaal Tinsley,Jamaal,G,,16.000000:09,88.4,89.7,126.4,137.9,-38.0,-48.3,0.444,0.0,100.0,0.0,0.176,0.091,0.0,0.0,0.0,0.0,0.0,90.71,86.19,71.83,29,0.066,4.0
21300052,1610612762,UTA,Utah,2224,Jamaal Tinsley,Jamaal,G,,10.000000:39,78.7,76.2,152.7,150.0,-74.0,-73.8,0.0,0.0,0.0,0.0,0.167,0.059,16.7,0.3,0.3,0.24,0.257,90.05,92.39,77.0,21,-0.022,4.0
21300079,1610612762,UTA,Utah,2224,Jamaal Tinsley,Jamaal,G,,12.000000:22,87.4,87.0,145.0,143.5,-57.6,-56.5,0.571,4.0,50.0,0.077,0.125,0.095,12.5,0.333,0.333,0.154,0.161,88.57,89.27,74.39,23,0.076,4.0
