GAME_ID,TEAM_ID,TEAM_ABBREVIATION,TEAM_CITY,PLAYER_ID,PLAYER_NAME,NICKNAME,START_POSITION,COMMENT,MIN,E_OFF_RATING,OFF_RATING,E_DEF_RATING,DEF_RATING,E_NET_RATING,NET_RATING,AST_PCT,AST_TOV,AST_RATIO,OREB_PCT,DREB_PCT,REB_PCT,TM_TOV_PCT,EFG_PCT,TS_PCT,USG_PCT,E_USG_PCT,E_PACE,PACE,PACE_PER40,POSS,PIE,Unnamed: 0
21001114,1610612740,NOH,New Orleans,201607,Patrick Ewing,Patrick,,,1.000000:37,34.7,33.3,100.0,100.0,-65.3,-66.7,0.0,0.0,0.0,0.0,0.0,0.0,0.0,0.0,0.0,0.0,0.0,72.75,74.53,62.11,3,0.0,21.0
21001147,1610612740,NOH,New Orleans,201607,Patrick Ewing,Patrick,,,1.000000:22,0.0,0.0,166.7,166.7,-166.7,-166.7,0.0,0.0,0.0,0.0,0.0,0.0,0.0,0.0,0.0,0.0,0.0,70.59,88.24,73.53,2,0.0,22.0
21001184,1610612740,NOH,New Orleans,201607,Patrick Ewing,Patrick,,,1.000000:02,106.4,100.0,0.0,0.0,106.4,100.0,0.0,0.0,0.0,0.0,0.5,0.333,0.0,0.0,0.0,0.0,0.0,66.89,92.9,77.42,2,2.0,22.0
21001208,1610612740,NOH,New Orleans,201607,Patrick Ewing,Patrick,,,1.000000:02,250.0,250.0,0.0,0.0,250.0,250.0,0.0,0.0,0.0,0.0,0.0,0.0,0.0,0.0,0.0,0.0,0.0,69.68,116.13,96.77,2,0.0,22.0
21001169,1610612740,NOH,New Orleans,201607,Patrick Ewing,Patrick,,DNP - Coach's Decision,,,0.0,,0.0,,0.0,,,,0.0,0.0,0.0,,,,0.0,0.0,,,,0,,21.0
21001223,1610612740,NOH,New Orleans,201607,Patrick Ewing,Patrick,,,6.000000:22,66.7,66.7,178.6,158.3,-111.9,-91.7,0.25,1.0,25.0,0.0,0.0,0.0,25.0,0.0,0.0,0.231,0.231,85.34,90.47,75.39,12,-0.075,11.0
21001197,1610612740,NOH,New Orleans,201607,Patrick Ewing,Patrick,,,6.000000:03,103.8,118.2,90.2,91.7,13.7,26.5,0.25,0.0,16.7,0.167,0.0,0.071,0.0,0.0,0.315,0.333,0.344,98.06,91.24,76.03,11,0.0,11.0
21001127,1610612740,NOH,New Orleans,201607,Patrick Ewing,Patrick,,,1.000000:42,100.0,100.0,0.0,0.0,100.0,100.0,0.0,0.0,0.0,0.0,0.0,0.0,0.0,0.0,0.0,0.0,0.0,112.94,98.82,82.35,4,0.0,23.0
21001094,1610612740,NOH,New Orleans,201607,Patrick Ewing,Patrick,,DNP - Coach's Decision,,,0.0,,0.0,,0.0,,,,0.0,0.0,0.0,,,,0.0,0.0,,,,0,,10.0
