GAME_ID,TEAM_ID,TEAM_ABBREVIATION,TEAM_CITY,PLAYER_ID,PLAYER_NAME,NICKNAME,START_POSITION,COMMENT,MIN,E_OFF_RATING,OFF_RATING,E_DEF_RATING,DEF_RATING,E_NET_RATING,NET_RATING,AST_PCT,AST_TOV,AST_RATIO,OREB_PCT,DREB_PCT,REB_PCT,TM_TOV_PCT,EFG_PCT,TS_PCT,USG_PCT,E_USG_PCT,E_PACE,PACE,PACE_PER40,POSS,PIE,Unnamed: 0
21500992,1610612763,MEM,Memphis,1627362,Briante Weber,Briante,G,,34.000000:37,78.2,80.6,133.7,138.4,-55.5,-57.8,0.13,0.6,17.6,0.035,0.161,0.08,29.4,0.125,0.169,0.147,0.147,103.8,100.53,83.77,72,0.0,4.0
21501035,1610612763,MEM,Memphis,1627362,Briante Weber,Briante,,,11.000000:12,93.0,95.0,128.9,125.0,-35.9,-30.0,0.111,0.0,33.3,0.0,0.143,0.05,0.0,0.0,0.0,0.074,0.073,85.36,85.7,71.42,20,-0.062,22.0
21501008,1610612763,MEM,Memphis,1627362,Briante Weber,Briante,G,,33.000000:57,118.2,125.4,126.7,127.4,-8.5,-2.0,0.143,2.0,21.1,0.024,0.091,0.047,10.5,0.462,0.462,0.17,0.169,91.33,88.36,73.63,63,0.058,16.0
21501213,1610612748,MIA,Miami,1627362,Briante Weber,Briante,,DNP - Coach's Decision,,,0.0,,0.0,,0.0,,,,0.0,0.0,0.0,,,,0.0,0.0,,,,0,,10.0
21501217,1610612748,MIA,Miami,1627362,Briante Weber,Briante,,DNP - Coach's Decision,,,0.0,,0.0,,0.0,,,,0.0,0.0,0.0,,,,0.0,0.0,,,,0,,11.0
21501017,1610612763,MEM,Memphis,1627362,Briante Weber,Briante,,,14.000000:55,81.0,85.7,100.6,96.6,-19.6,-10.8,0.25,0.0,33.3,0.059,0.214,0.129,0.0,0.25,0.25,0.108,0.109,92.48,91.71,76.42,28,0.114,7.0
21501200,1610612748,MIA,Miami,1627362,Briante Weber,Briante,,,2.000000:43,160.0,133.3,63.0,60.0,97.0,73.3,0.333,0.0,50.0,0.0,0.25,0.2,0.0,1.0,1.0,0.167,0.2,86.22,97.18,80.98,6,0.273,22.0
21500967,1610612763,MEM,Memphis,1627362,Briante Weber,Briante,G,,39.000000:42,111.0,109.4,117.7,119.8,-6.6,-10.3,0.233,3.5,43.8,0.023,0.1,0.06,12.5,0.667,0.727,0.096,0.097,100.49,100.37,83.64,85,0.105,17.0
21500974,1610612763,MEM,Memphis,1627362,Briante Weber,Briante,G,,31.000000:33,78.6,78.1,103.8,101.6,-25.3,-23.4,0.158,0.0,37.5,0.067,0.033,0.053,0.0,0.2,0.2,0.063,0.065,96.01,97.35,81.12,64,0.057,4.0
