GAME_ID,TEAM_ID,TEAM_ABBREVIATION,TEAM_CITY,PLAYER_ID,PLAYER_NAME,NICKNAME,START_POSITION,COMMENT,MIN,E_OFF_RATING,OFF_RATING,E_DEF_RATING,DEF_RATING,E_NET_RATING,NET_RATING,AST_PCT,AST_TOV,AST_RATIO,OREB_PCT,DREB_PCT,REB_PCT,TM_TOV_PCT,EFG_PCT,TS_PCT,USG_PCT,E_USG_PCT,E_PACE,PACE,PACE_PER40,POSS,PIE,Unnamed: 0
21500560,1610612763,MEM,Memphis,202343,Elliot Williams,Elliot,,,4.000000:30,40.5,40.0,121.5,133.3,-81.0,-93.3,0.0,0.0,0.0,0.0,0.0,0.0,0.0,0.0,0.532,0.182,0.184,105.5,101.45,84.54,10,0.069,19.0
21500589,1610612763,MEM,Memphis,202343,Elliot Williams,Elliot,,,6.000000:12,105.5,108.3,150.0,138.5,-44.5,-30.1,0.25,0.0,50.0,0.0,0.0,0.0,0.0,0.0,0.0,0.083,0.081,94.14,96.77,80.65,12,0.0,21.0
21500572,1610612763,MEM,Memphis,202343,Elliot Williams,Elliot,,,5.000000:02,93.4,112.5,180.2,160.0,-86.8,-47.5,0.333,1.0,25.0,0.0,0.0,0.0,25.0,0.0,0.0,0.333,0.282,88.31,85.83,71.52,8,-0.105,19.0
21500607,1610612763,MEM,Memphis,202343,Elliot Williams,Elliot,,,19.000000:53,110.2,105.4,71.7,77.1,38.4,28.3,0.143,0.0,33.3,0.063,0.13,0.103,0.0,0.5,0.515,0.1,0.104,88.17,86.91,72.43,37,0.106,21.0
21500542,1610612763,MEM,Memphis,202343,Elliot Williams,Elliot,,,9.000000:32,110.1,105.0,78.3,84.2,31.8,20.8,0.0,0.0,0.0,0.0,0.0,0.0,0.0,0.333,0.333,0.136,0.142,99.54,98.23,81.86,20,-0.029,21.0
