GAME_ID,TEAM_ID,TEAM_ABBREVIATION,TEAM_CITY,PLAYER_ID,PLAYER_NAME,NICKNAME,START_POSITION,COMMENT,MIN,E_OFF_RATING,OFF_RATING,E_DEF_RATING,DEF_RATING,E_NET_RATING,NET_RATING,AST_PCT,AST_TOV,AST_RATIO,OREB_PCT,DREB_PCT,REB_PCT,TM_TOV_PCT,EFG_PCT,TS_PCT,USG_PCT,E_USG_PCT,E_PACE,PACE,PACE_PER40,POSS,PIE,Unnamed: 0
21500978,1610612740,NOP,New Orleans,203111,Orlando Johnson,Orlando,,,5.000000:10,67.3,72.7,73.5,61.5,-6.2,11.2,0.333,0.0,50.0,0.0,0.0,0.0,0.0,0.0,0.0,0.071,0.072,105.72,111.48,92.9,11,0.0,9.0
21500950,1610612740,NOP,New Orleans,203111,Orlando Johnson,Orlando,G,,20.000000:33,98.1,95.6,133.2,143.2,-35.2,-47.6,0.0,0.0,0.0,0.0,0.167,0.073,20.0,0.286,0.317,0.204,0.213,106.42,103.94,86.62,45,-0.01,3.0
21500996,1610612740,NOP,New Orleans,203111,Orlando Johnson,Orlando,,,22.000000:19,124.3,122.9,140.9,146.7,-16.6,-23.8,0.056,0.0,16.7,0.037,0.0,0.025,0.0,0.5,0.5,0.086,0.087,101.43,100.01,83.35,48,0.032,6.0
21500799,1610612756,PHX,Phoenix,203111,Orlando Johnson,Orlando,,,27.000000:59,87.7,90.3,89.6,88.7,-1.9,1.6,0.0,0.0,0.0,0.079,0.152,0.113,6.7,0.25,0.327,0.197,0.203,107.4,106.37,88.65,62,0.045,18.0
21501025,1610612740,NOP,New Orleans,203111,Orlando Johnson,Orlando,,DNP - Coach's Decision,,,0.0,,0.0,,0.0,,,,0.0,0.0,0.0,,,,0.0,0.0,,,,0,,25.0
21501010,1610612740,NOP,New Orleans,203111,Orlando Johnson,Orlando,,,1.000000:31,0.0,0.0,77.3,100.0,-77.3,-100.0,0.0,0.0,0.0,0.0,0.5,0.25,100.0,0.0,0.0,0.25,0.333,108.87,110.77,92.31,4,-0.5,10.0
21500967,1610612740,NOP,New Orleans,203111,Orlando Johnson,Orlando,,,4.000000:47,27.6,30.0,81.0,80.0,-53.4,-50.0,0.0,0.0,0.0,0.0,0.167,0.071,0.0,0.0,0.0,0.4,0.368,104.16,100.35,83.62,10,-0.571,7.0
21500783,1610612756,PHX,Phoenix,203111,Orlando Johnson,Orlando,,DNP - Coach's Decision,,,0.0,,0.0,,0.0,,,,0.0,0.0,0.0,,,,0.0,0.0,,,,0,,22.0
21500768,1610612756,PHX,Phoenix,203111,Orlando Johnson,Orlando,,,19.000000:24,93.2,94.3,94.2,100.0,-1.0,-5.7,0.0,0.0,0.0,0.0,0.056,0.025,0.0,0.5,0.595,0.146,0.152,91.05,87.84,73.2,35,0.082,21.0
