GAME_ID,TEAM_ID,TEAM_ABBREVIATION,TEAM_CITY,PLAYER_ID,PLAYER_NAME,NICKNAME,START_POSITION,COMMENT,MIN,E_OFF_RATING,OFF_RATING,E_DEF_RATING,DEF_RATING,E_NET_RATING,NET_RATING,AST_PCT,AST_TOV,AST_RATIO,OREB_PCT,DREB_PCT,REB_PCT,TM_TOV_PCT,EFG_PCT,TS_PCT,USG_PCT,E_USG_PCT,E_PACE,PACE,PACE_PER40,POSS,PIE,Unnamed: 0
21300674,1610612747,LAL,Los Angeles,202412,Manny Harris,Manny,,,17.000000:30,88.3,91.9,108.1,100.0,-19.8,-8.1,0.167,2.0,22.2,0.045,0.167,0.109,11.1,0.0,0.0,0.175,0.177,101.05,102.86,85.71,37,-0.027,19.0
21300613,1610612747,LAL,Los Angeles,202412,Manny Harris,Manny,,,21.000000:23,83.7,80.4,97.4,106.7,-13.7,-26.2,0.167,1.0,15.4,0.0,0.261,0.13,15.4,0.278,0.278,0.216,0.233,104.92,102.14,85.11,46,0.038,6.0
21300601,1610612747,LAL,Los Angeles,202412,Manny Harris,Manny,,,18.000000:19,116.9,120.6,134.5,135.3,-17.6,-14.7,0.167,2.0,18.2,0.05,0.059,0.054,9.1,0.438,0.438,0.231,0.23,90.78,89.1,74.25,34,0.029,6.0
21300631,1610612747,LAL,Los Angeles,202412,Manny Harris,Manny,,,21.000000:16,101.7,100.0,101.7,97.7,0.0,2.3,0.067,1.0,10.0,0.036,0.158,0.085,10.0,0.286,0.421,0.173,0.176,95.44,98.2,81.83,43,0.085,5.0
21300633,1610612747,LAL,Los Angeles,202412,Manny Harris,Manny,,,21.000000:10,85.6,84.1,117.0,120.5,-31.4,-36.4,0.154,2.0,18.2,0.037,0.1,0.064,9.1,0.375,0.375,0.176,0.183,100.32,99.78,83.15,44,0.056,5.0
21300586,1610612747,LAL,Los Angeles,202412,Manny Harris,Manny,,,22.000000:27,104.8,102.2,127.2,129.8,-22.4,-27.6,0.067,1.0,10.0,0.059,0.087,0.075,10.0,0.357,0.444,0.176,0.184,99.21,99.42,82.85,46,0.034,5.0
21300655,1610612747,LAL,Los Angeles,202412,Manny Harris,Manny,,,19.000000:21,106.1,105.1,96.1,94.9,10.1,10.3,0.0,0.0,0.0,0.0,0.0,0.0,9.1,0.778,0.836,0.275,0.277,95.74,96.79,80.65,39,0.228,6.0
21300695,1610612747,LAL,Los Angeles,202412,Manny Harris,Manny,,,17.000000:47,105.2,102.8,107.0,108.1,-1.7,-5.3,0.0,0.0,0.0,0.0,0.158,0.075,0.0,0.4,0.368,0.122,0.128,97.93,98.52,82.1,36,0.033,18.0
21300722,1610612747,LAL,Los Angeles,202412,Manny Harris,Manny,,,20.000000:30,101.1,100.0,100.9,100.0,0.2,0.0,0.143,1.0,7.7,0.091,0.286,0.186,7.7,0.818,0.8,0.261,0.264,101.99,103.02,85.85,43,0.293,10.0
