GAME_ID,TEAM_ID,TEAM_ABBREVIATION,TEAM_CITY,PLAYER_ID,PLAYER_NAME,NICKNAME,START_POSITION,COMMENT,MIN,E_OFF_RATING,OFF_RATING,E_DEF_RATING,DEF_RATING,E_NET_RATING,NET_RATING,AST_PCT,AST_TOV,AST_RATIO,OREB_PCT,DREB_PCT,REB_PCT,TM_TOV_PCT,EFG_PCT,TS_PCT,USG_PCT,E_USG_PCT,E_PACE,PACE,PACE_PER40,POSS,PIE,Unnamed: 0
21300317,1610612747,LAL,Los Angeles,977,Kobe Bryant,Kobe,G,,29.000000:10,115.9,116.4,119.5,117.5,-3.6,-1.1,0.158,1.0,14.3,0.0,0.071,0.038,14.3,0.545,0.689,0.273,0.276,101.34,102.03,85.03,61,0.11,16.0
21300303,1610612747,LAL,Los Angeles,977,Kobe Bryant,Kobe,G,,27.000000:56,71.0,71.9,101.5,101.8,-30.5,-29.9,0.333,0.5,16.7,0.034,0.259,0.143,33.3,0.222,0.373,0.313,0.314,97.84,97.09,80.91,57,0.034,16.0
21300366,1610612747,LAL,Los Angeles,977,Kobe Bryant,Kobe,G,,32.000000:38,97.8,98.4,94.4,93.8,3.4,4.6,0.235,1.0,14.8,0.04,0.098,0.076,14.8,0.528,0.556,0.348,0.352,94.87,94.87,79.06,64,0.16,4.0
21300342,1610612747,LAL,Los Angeles,977,Kobe Bryant,Kobe,G,,32.000000:14,98.3,103.1,97.0,95.3,1.3,7.8,0.5,1.14,25.8,0.0,0.2,0.106,22.6,0.6,0.643,0.315,0.31,96.82,95.31,79.42,64,0.168,4.0
21300357,1610612747,LAL,Los Angeles,977,Kobe Bryant,Kobe,G,,32.000000:10,107.7,103.2,114.0,111.3,-6.3,-8.1,0.3,1.2,24.0,0.0,0.088,0.047,20.0,0.286,0.277,0.264,0.274,90.19,93.26,77.72,63,0.016,4.0
21300336,1610612747,LAL,Los Angeles,977,Kobe Bryant,Kobe,G,,23.000000:09,91.4,96.0,124.0,125.5,-32.6,-29.5,0.684,1.86,50.0,0.0,0.053,0.022,26.9,0.333,0.333,0.22,0.218,107.94,104.71,87.26,50,0.073,4.0
