GAME_ID,TEAM_ID,TEAM_ABBREVIATION,TEAM_CITY,PLAYER_ID,PLAYER_NAME,NICKNAME,START_POSITION,COMMENT,MIN,E_OFF_RATING,OFF_RATING,E_DEF_RATING,DEF_RATING,E_NET_RATING,NET_RATING,AST_PCT,AST_TOV,AST_RATIO,OREB_PCT,DREB_PCT,REB_PCT,TM_TOV_PCT,EFG_PCT,TS_PCT,USG_PCT,E_USG_PCT,E_PACE,PACE,PACE_PER40,POSS,PIE,Unnamed: 0
22201202,1610612766,CHA,Charlotte,1628424,Kobi Simmons,Kobi,,,2.000000:22,77.6,100.0,80.0,80.0,-2.4,20.0,0.0,0.0,0.0,0.0,0.5,0.2,0.0,0.0,0.0,0.0,0.0,116.01,101.41,84.51,5,0.273,21.0
22201148,1610612766,CHA,Charlotte,1628424,Kobi Simmons,Kobi,,,3.000000:58,78.8,77.8,67.6,60.0,11.3,17.8,0.5,0.0,50.0,0.0,0.0,0.0,0.0,0.0,0.0,0.111,0.113,107.46,114.96,95.8,9,0.091,25.0
22201176,1610612766,CHA,Charlotte,1628424,Kobi Simmons,Kobi,,,11.000000:40,63.2,64.0,147.3,145.8,-84.1,-81.8,0.2,1.0,14.3,0.0,0.083,0.042,14.3,0.375,0.512,0.222,0.228,100.92,100.76,83.96,25,0.055,23.0
22201163,1610612766,CHA,Charlotte,1628424,Kobi Simmons,Kobi,,,1.000000:38,0.0,0.0,100.0,66.7,-100.0,-66.7,0.0,0.0,0.0,0.0,0.0,0.0,0.0,0.0,0.0,0.0,0.0,58.78,73.47,61.22,2,0.0,22.0
22201218,1610612766,CHA,Charlotte,1628424,Kobi Simmons,Kobi,,,8.000000:08,106.9,105.0,132.2,123.5,-25.3,-18.5,0.429,0.0,75.0,0.111,0.125,0.118,0.0,0.0,0.0,0.043,0.046,104.81,109.18,90.98,20,0.081,7.0
