GAME_ID,TEAM_ID,TEAM_ABBREVIATION,TEAM_CITY,PLAYER_ID,PLAYER_NAME,NICKNAME,START_POSITION,COMMENT,MIN,E_OFF_RATING,OFF_RATING,E_DEF_RATING,DEF_RATING,E_NET_RATING,NET_RATING,AST_PCT,AST_TOV,AST_RATIO,OREB_PCT,DREB_PCT,REB_PCT,TM_TOV_PCT,EFG_PCT,TS_PCT,USG_PCT,E_USG_PCT,E_PACE,PACE,PACE_PER40,POSS,PIE,Unnamed: 0
22201228,1610612762,UTA,Utah,1629677,Luka Samanic,Luka,F,,29.000000:44,97.4,97.0,126.5,130.3,-29.2,-33.3,0.12,1.5,15.8,0.0,0.061,0.032,10.5,0.286,0.312,0.229,0.233,108.74,107.35,89.46,67,0.006,0.0
22201200,1610612762,UTA,Utah,1629677,Luka Samanic,Luka,F,,30.000000:33,107.0,105.9,98.2,100.0,8.9,5.9,0.143,0.0,30.8,0.0,0.071,0.044,0.0,0.438,0.45,0.125,0.126,107.26,106.82,89.01,68,0.038,14.0
22201164,1610612762,UTA,Utah,1629677,Luka Samanic,Luka,,,10.000000:27,99.6,100.0,142.6,140.0,-43.0,-40.0,0.2,1.0,16.7,0.0,0.2,0.1,16.7,0.5,0.515,0.238,0.237,91.22,91.87,76.56,20,0.051,9.0
22201213,1610612762,UTA,Utah,1629677,Luka Samanic,Luka,F,,30.000000:33,116.1,122.4,101.5,105.9,14.7,16.5,0.045,0.33,5.0,0.0,0.235,0.116,15.0,0.75,0.73,0.241,0.239,111.18,106.03,88.36,67,0.143,16.0
22201143,1610612762,UTA,Utah,1629677,Luka Samanic,Luka,,,24.000000:53,125.4,122.8,97.6,98.2,27.8,24.6,0.16,2.0,25.0,0.0,0.31,0.191,12.5,0.313,0.461,0.2,0.204,109.22,109.95,91.63,57,0.098,7.0
22201152,1610612762,UTA,Utah,1629677,Luka Samanic,Luka,,,12.000000:21,107.4,107.4,115.8,118.5,-8.4,-11.1,0.0,0.0,0.0,0.0,0.143,0.08,33.3,0.5,0.5,0.214,0.214,106.18,104.94,87.45,27,0.008,9.0
22201186,1610612762,UTA,Utah,1629677,Luka Samanic,Luka,F,,22.000000:17,104.3,104.2,105.3,108.3,-1.0,-4.2,0.143,0.0,25.0,0.0,0.167,0.098,0.0,1.0,1.0,0.122,0.125,104.86,103.4,86.16,48,0.192,13.0
