GAME_ID,TEAM_ID,TEAM_ABBREVIATION,TEAM_CITY,PLAYER_ID,PLAYER_NAME,NICKNAME,START_POSITION,COMMENT,MIN,E_OFF_RATING,OFF_RATING,E_DEF_RATING,DEF_RATING,E_NET_RATING,NET_RATING,AST_PCT,AST_TOV,AST_RATIO,OREB_PCT,DREB_PCT,REB_PCT,TM_TOV_PCT,EFG_PCT,TS_PCT,USG_PCT,E_USG_PCT,E_PACE,PACE,PACE_PER40,POSS,PIE,Unnamed: 0
22201215,1610612757,POR,Portland,1630219,Skylar Mays,Skylar,G,,29.000000:36,120.0,120.3,133.7,133.3,-13.7,-13.0,0.346,9.0,40.9,0.0,0.0,0.0,4.5,0.318,0.365,0.191,0.191,105.37,105.41,87.84,64,0.041,4.0
22201166,1610612757,POR,Portland,1630219,Skylar Mays,Skylar,G,,30.000000:10,113.2,114.5,116.9,110.9,-3.7,3.6,0.409,4.5,45.0,0.0,0.111,0.053,10.0,0.722,0.722,0.164,0.167,98.21,100.24,83.54,62,0.117,4.0
22201199,1610612757,POR,Portland,1630219,Skylar Mays,Skylar,G,,22.000000:30,115.2,117.6,106.0,117.6,9.2,0.0,0.35,2.33,38.9,0.0,0.063,0.04,16.7,0.643,0.698,0.208,0.207,115.93,108.8,90.67,51,0.138,4.0
22201159,1610612757,POR,Portland,1630219,Skylar Mays,Skylar,G,,30.000000:05,107.1,111.1,143.3,135.9,-36.2,-24.8,0.333,3.0,37.5,0.033,0.05,0.04,12.5,0.813,0.829,0.139,0.142,100.58,101.32,84.43,63,0.109,18.0
22201230,1610612757,POR,Portland,1630219,Skylar Mays,Skylar,G,,40.000000:43,86.2,86.0,133.2,131.3,-47.0,-45.3,0.462,6.0,36.4,0.0,0.118,0.045,6.1,0.471,0.547,0.196,0.202,116.36,117.3,97.75,100,0.111,17.0
22201184,1610612757,POR,Portland,1630219,Skylar Mays,Skylar,G,,35.000000:42,116.7,114.7,117.5,115.8,-0.8,-1.1,0.292,0.0,29.2,0.022,0.206,0.101,0.0,0.688,0.711,0.191,0.198,99.93,101.51,84.59,75,0.173,4.0
