GAME_ID,TEAM_ID,TEAM_ABBREVIATION,TEAM_CITY,PLAYER_ID,PLAYER_NAME,NICKNAME,START_POSITION,COMMENT,MIN,E_OFF_RATING,OFF_RATING,E_DEF_RATING,DEF_RATING,E_NET_RATING,NET_RATING,AST_PCT,AST_TOV,AST_RATIO,OREB_PCT,DREB_PCT,REB_PCT,TM_TOV_PCT,EFG_PCT,TS_PCT,USG_PCT,E_USG_PCT,E_PACE,PACE,PACE_PER40,POSS,PIE,Unnamed: 0
22200050,1610612759,SAS,San Antonio,1630563,Joshua Primo,Joshua,,,24.000000:36,107.3,110.9,123.9,122.6,-16.5,-11.7,0.095,0.5,16.7,0.063,0.043,0.055,33.3,0.8,0.791,0.152,0.154,106.68,105.39,87.82,55,0.044,5.0
22200018,1610612759,SAS,San Antonio,1630563,Joshua Primo,Joshua,,,20.000000:49,136.7,137.5,109.7,104.0,27.0,33.5,0.304,2.33,53.8,0.0,0.19,0.114,23.1,0.5,0.521,0.118,0.119,110.31,112.99,94.16,48,0.068,6.0
22200028,1610612759,SAS,San Antonio,1630563,Joshua Primo,Joshua,,,22.000000:06,123.0,124.4,106.3,106.4,16.7,18.1,0.222,4.0,30.8,0.0,0.111,0.061,7.7,0.313,0.313,0.17,0.175,100.52,99.91,83.26,45,0.04,5.0
22200011,1610612759,SAS,San Antonio,1630563,Joshua Primo,Joshua,,,25.000000:51,81.6,84.2,117.5,110.0,-35.9,-25.8,0.357,1.67,23.8,0.0,0.115,0.048,14.3,0.273,0.392,0.239,0.239,106.77,108.63,90.52,57,0.056,20.0
