GAME_ID,TEAM_ID,TEAM_ABBREVIATION,TEAM_CITY,PLAYER_ID,PLAYER_NAME,NICKNAME,START_POSITION,COMMENT,MIN,E_OFF_RATING,OFF_RATING,E_DEF_RATING,DEF_RATING,E_NET_RATING,NET_RATING,AST_PCT,AST_TOV,AST_RATIO,OREB_PCT,DREB_PCT,REB_PCT,TM_TOV_PCT,EFG_PCT,TS_PCT,USG_PCT,E_USG_PCT,E_PACE,PACE,PACE_PER40,POSS,PIE,Unnamed: 0
22201215,1610612757,POR,Portland,1631303,Justin Minaya,Justin,,,20.000000:09,119.5,120.9,120.2,120.0,-0.7,0.9,0.0,0.0,0.0,0.0,0.211,0.108,50.0,0.0,0.0,0.044,0.044,105.34,104.81,87.34,43,0.005,8.0
22201199,1610612757,POR,Portland,1631303,Justin Minaya,Justin,,,27.000000:44,111.1,117.5,104.6,106.6,6.5,10.9,0.042,1.0,10.0,0.032,0.059,0.046,10.0,0.438,0.438,0.125,0.126,111.43,107.31,89.42,63,0.04,8.0
22201230,1610612757,POR,Portland,1631303,Justin Minaya,Justin,,,23.000000:47,93.5,92.3,158.1,154.9,-64.7,-62.6,0.067,1.0,10.0,0.0,0.222,0.083,10.0,0.125,0.118,0.158,0.166,102.24,103.94,86.62,52,-0.02,21.0
22201184,1610612757,POR,Portland,1631303,Justin Minaya,Justin,,,17.000000:11,105.3,100.0,94.5,94.4,10.8,5.6,0.167,2.0,22.2,0.1,0.111,0.105,11.1,0.667,0.667,0.156,0.166,100.62,103.36,86.13,38,0.093,8.0
