GAME_ID,TEAM_ID,TEAM_ABBREVIATION,TEAM_CITY,PLAYER_ID,PLAYER_NAME,NICKNAME,START_POSITION,COMMENT,MIN,E_OFF_RATING,OFF_RATING,E_DEF_RATING,DEF_RATING,E_NET_RATING,NET_RATING,AST_PCT,AST_TOV,AST_RATIO,OREB_PCT,DREB_PCT,REB_PCT,TM_TOV_PCT,EFG_PCT,TS_PCT,USG_PCT,E_USG_PCT,E_PACE,PACE,PACE_PER40,POSS,PIE,Unnamed: 0
22200308,1610612754,IND,Indiana,1631112,Kendall Brown,Kendall,,DNP - Coach's Decision,,,0.0,,0.0,,0.0,,,,0.0,0.0,0.0,,,,0.0,0.0,,,,0,,12.0
22200335,1610612754,IND,Indiana,1631112,Kendall Brown,Kendall,,,7.000000:18,123.3,130.0,108.9,119.0,14.5,11.0,0.0,0.0,0.0,0.0,0.125,0.067,0.0,1.0,1.0,0.091,0.091,144.79,134.79,112.33,20,0.143,10.0
22200292,1610612754,IND,Indiana,1631112,Kendall Brown,Kendall,,,6.000000:15,136.4,131.3,101.7,100.0,34.7,31.3,0.167,0.0,100.0,0.0,0.0,0.0,0.0,0.0,0.0,0.0,0.0,123.34,126.72,105.6,16,0.0,10.0
22200351,1610612754,IND,Indiana,1631112,Kendall Brown,Kendall,,,2.000000:09,40.0,40.0,25.8,16.7,14.2,23.3,0.0,0.0,0.0,0.0,0.0,0.0,0.0,0.0,0.0,0.2,0.2,99.13,122.79,102.33,5,0.5,10.0
22200004,1610612754,IND,Indiana,1631112,Kendall Brown,Kendall,,DNP - Coach's Decision,,,0.0,,0.0,,0.0,,,,0.0,0.0,0.0,,,,0.0,0.0,,,,0,,26.0
22200370,1610612754,IND,Indiana,1631112,Kendall Brown,Kendall,,,4.000000:58,74.0,71.4,121.5,135.7,-47.5,-64.3,0.0,0.0,0.0,0.0,0.0,0.0,100.0,0.0,0.0,0.071,0.074,140.91,135.3,112.75,14,-0.146,9.0
22200359,1610612754,IND,Indiana,1631112,Kendall Brown,Kendall,,,17.000000:59,112.6,110.3,89.8,92.3,22.7,17.9,0.118,2.0,28.6,0.118,0.115,0.116,14.3,0.333,0.387,0.114,0.118,104.5,104.13,86.77,39,0.027,5.0
22200262,1610612754,IND,Indiana,1631112,Kendall Brown,Kendall,,,1.000000:39,66.7,66.7,100.0,50.0,-33.3,16.7,0.0,0.0,0.0,0.0,0.0,0.0,0.0,1.0,1.0,0.2,0.2,72.73,101.82,84.85,3,0.6,24.0
