GAME_ID,TEAM_ID,TEAM_ABBREVIATION,TEAM_CITY,PLAYER_ID,PLAYER_NAME,NICKNAME,START_POSITION,COMMENT,MIN,E_OFF_RATING,OFF_RATING,E_DEF_RATING,DEF_RATING,E_NET_RATING,NET_RATING,AST_PCT,AST_TOV,AST_RATIO,OREB_PCT,DREB_PCT,REB_PCT,TM_TOV_PCT,EFG_PCT,TS_PCT,USG_PCT,E_USG_PCT,E_PACE,PACE,PACE_PER40,POSS,PIE,Unnamed: 0
22200127,1610612761,TOR,Toronto,203490,Otto Porter Jr.,Otto,,,20.000000:34,121.7,126.8,107.2,104.7,14.5,22.2,0.0,0.0,0.0,0.0,0.0,0.0,0.0,1.0,1.0,0.061,0.063,98.86,98.06,81.72,41,0.081,7.0
22200235,1610612761,TOR,Toronto,203490,Otto Porter Jr.,Otto,,DND - Injury/Illness,,,0.0,,0.0,,0.0,,,,0.0,0.0,0.0,,,,0.0,0.0,,,,0,,11.0
22200141,1610612761,TOR,Toronto,203490,Otto Porter Jr.,Otto,,,18.000000:47,99.3,97.6,104.6,104.8,-5.3,-7.2,0.214,0.0,50.0,0.04,0.1,0.067,0.0,0.333,0.333,0.061,0.063,105.23,106.05,88.38,41,0.092,17.0
22200187,1610612761,TOR,Toronto,203490,Otto Porter Jr.,Otto,F,,26.000000:32,105.4,103.8,132.6,128.3,-27.2,-24.5,0.167,3.0,37.5,0.071,0.136,0.1,12.5,0.667,0.773,0.082,0.083,93.56,95.88,79.9,53,0.119,1.0
22200151,1610612761,TOR,Toronto,203490,Otto Porter Jr.,Otto,,,17.000000:13,82.1,86.5,127.5,121.1,-45.4,-34.6,0.1,0.0,20.0,0.0,0.0,0.0,0.0,0.5,0.563,0.098,0.098,104.61,104.55,87.12,37,0.053,5.0
22200179,1610612761,TOR,Toronto,203490,Otto Porter Jr.,Otto,,,17.000000:13,106.4,102.7,134.4,131.6,-28.0,-28.9,0.1,0.0,16.7,0.0,0.071,0.031,0.0,0.5,0.551,0.114,0.12,101.65,104.55,87.12,37,0.052,7.0
22200165,1610612761,TOR,Toronto,203490,Otto Porter Jr.,Otto,,,23.000000:28,111.6,114.6,109.0,110.6,2.6,3.9,0.0,0.0,0.0,0.097,0.115,0.105,18.2,0.75,0.788,0.175,0.18,99.2,97.16,80.97,48,0.15,20.0
22200199,1610612761,TOR,Toronto,203490,Otto Porter Jr.,Otto,F,,12.000000:03,106.9,112.0,98.0,96.2,8.9,15.8,0.0,0.0,0.0,0.0,0.083,0.043,33.3,0.0,0.0,0.115,0.11,103.01,101.58,84.65,25,-0.048,1.0
22200114,1610612761,TOR,Toronto,203490,Otto Porter Jr.,Otto,,,10.000000:31,145.0,150.0,105.4,109.1,39.5,40.9,0.0,0.0,0.0,0.0,0.3,0.167,0.0,0.75,0.868,0.13,0.126,103.88,100.41,83.68,22,0.149,9.0
