GAME_ID,TEAM_ID,TEAM_ABBREVIATION,TEAM_CITY,PLAYER_ID,PLAYER_NAME,NICKNAME,START_POSITION,COMMENT,MIN,E_OFF_RATING,OFF_RATING,E_DEF_RATING,DEF_RATING,E_NET_RATING,NET_RATING,AST_PCT,AST_TOV,AST_RATIO,OREB_PCT,DREB_PCT,REB_PCT,TM_TOV_PCT,EFG_PCT,TS_PCT,USG_PCT,E_USG_PCT,E_PACE,PACE,PACE_PER40,POSS,PIE,Unnamed: 0
21701167,1610612756,PHX,Phoenix,1626210,Alan Williams,Alan,,,2.000000:58,41.0,33.3,128.7,140.0,-87.7,-106.7,0.0,0.0,0.0,0.0,0.5,0.25,100.0,0.0,0.0,0.167,0.205,83.49,88.99,74.16,6,-0.364,22.0
21701107,1610612756,PHX,Phoenix,1626210,Alan Williams,Alan,,,15.000000:45,80.4,80.6,65.3,64.5,15.2,16.1,0.111,1.0,14.3,0.059,0.2,0.135,14.3,0.25,0.307,0.171,0.171,94.05,94.48,78.73,31,0.034,22.0
21701122,1610612756,PHX,Phoenix,1626210,Alan Williams,Alan,,,19.000000:14,109.3,105.1,90.1,84.6,19.2,20.5,0.143,1.0,22.2,0.087,0.188,0.128,22.2,0.2,0.2,0.159,0.165,92.54,97.33,81.11,39,0.0,19.0
21701132,1610612756,PHX,Phoenix,1626210,Alan Williams,Alan,,,14.000000:53,87.7,93.5,116.0,116.7,-28.4,-23.1,0.222,1.0,25.0,0.0,0.313,0.167,25.0,1.0,0.833,0.182,0.181,101.97,98.35,81.96,31,0.131,7.0
21701153,1610612756,PHX,Phoenix,1626210,Alan Williams,Alan,,,17.000000:30,89.8,91.7,92.2,91.9,-2.4,-0.2,0.333,3.0,25.0,0.0,0.316,0.154,8.3,0.429,0.508,0.225,0.226,100.99,100.11,83.43,36,0.201,5.0
