GAME_ID,TEAM_ID,TEAM_ABBREVIATION,TEAM_CITY,PLAYER_ID,PLAYER_NAME,NICKNAME,START_POSITION,COMMENT,MIN,E_OFF_RATING,OFF_RATING,E_DEF_RATING,DEF_RATING,E_NET_RATING,NET_RATING,AST_PCT,AST_TOV,AST_RATIO,OREB_PCT,DREB_PCT,REB_PCT,TM_TOV_PCT,EFG_PCT,TS_PCT,USG_PCT,E_USG_PCT,E_PACE,PACE,PACE_PER40,POSS,PIE,Unnamed: 0
21700678,1610612755,PHI,Philadelphia,203923,James Young,James,,,8.000000:18,103.9,100.0,65.6,64.7,38.3,35.3,0.0,0.0,0.0,0.0,0.0,0.0,0.0,0.5,0.515,0.19,0.207,98.54,101.2,84.34,18,0.043,22.0
21700736,1610612755,PHI,Philadelphia,203923,James Young,James,,,2.000000:55,206.8,183.3,106.4,100.0,100.4,83.3,0.0,0.0,0.0,0.0,0.0,0.0,0.0,0.0,1.136,0.167,0.188,90.44,99.03,82.52,6,0.182,9.0
21700722,1610612755,PHI,Philadelphia,203923,James Young,James,,,8.000000:36,100.9,86.7,114.3,106.7,-13.4,-20.0,0.0,0.0,0.0,0.0,0.0,0.0,0.0,0.0,0.0,0.053,0.059,75.01,83.72,69.77,15,-0.034,8.0
21700828,1610612755,PHI,Philadelphia,203923,James Young,James,,DNP - Coach's Decision,,,0.0,,0.0,,0.0,,,,0.0,0.0,0.0,,,,0.0,0.0,,,,0,,25.0
21701066,1610612755,PHI,Philadelphia,203923,James Young,James,,,9.000000:00,74.6,70.0,138.1,155.0,-63.5,-85.0,0.0,0.0,0.0,0.0,0.0,0.0,33.3,0.5,0.5,0.143,0.152,109.87,106.67,88.89,20,-0.022,24.0
21700741,1610612755,PHI,Philadelphia,203923,James Young,James,,,19.000000:56,94.1,94.6,116.2,107.9,-22.1,-13.3,0.154,0.0,40.0,0.0,0.045,0.026,0.0,0.833,0.833,0.073,0.073,87.27,90.3,75.25,37,0.088,9.0
21700756,1610612755,PHI,Philadelphia,203923,James Young,James,,DNP - Coach's Decision,,,0.0,,0.0,,0.0,,,,0.0,0.0,0.0,,,,0.0,0.0,,,,0,,12.0
21700704,1610612755,PHI,Philadelphia,203923,James Young,James,,,12.000000:22,80.8,73.1,105.9,114.8,-25.1,-41.7,0.0,0.0,0.0,0.0,0.063,0.033,0.0,0.3,0.34,0.207,0.226,102.47,102.86,85.71,26,-0.057,20.0
21700663,1610612755,PHI,Philadelphia,203923,James Young,James,,DNP - Coach's Decision,,,0.0,,0.0,,0.0,,,,0.0,0.0,0.0,,,,0.0,0.0,,,,0,,11.0
