GAME_ID,TEAM_ID,TEAM_ABBREVIATION,TEAM_CITY,PLAYER_ID,PLAYER_NAME,NICKNAME,START_POSITION,COMMENT,MIN,E_OFF_RATING,OFF_RATING,E_DEF_RATING,DEF_RATING,E_NET_RATING,NET_RATING,AST_PCT,AST_TOV,AST_RATIO,OREB_PCT,DREB_PCT,REB_PCT,TM_TOV_PCT,EFG_PCT,TS_PCT,USG_PCT,E_USG_PCT,E_PACE,PACE,PACE_PER40,POSS,PIE,Unnamed: 0
21901235,1610612764,WAS,Washington,1626170,Jerian Grant,Jerian,,,10.000000:08,153.2,154.5,91.4,87.0,61.7,67.6,0.091,0.0,33.3,0.0,0.111,0.067,0.0,1.25,1.25,0.087,0.086,104.4,106.58,88.82,22,0.138,23.0
21901308,1610612764,WAS,Washington,1626170,Jerian Grant,Jerian,,,17.000000:09,100.8,97.4,102.2,102.7,-1.4,-5.3,0.182,0.0,20.0,0.043,0.111,0.073,0.0,0.167,0.387,0.182,0.192,103.44,104.96,87.46,38,0.069,7.0
21901278,1610612764,WAS,Washington,1626170,Jerian Grant,Jerian,,,11.000000:56,95.2,92.3,105.8,108.0,-10.6,-15.7,0.0,0.0,0.0,0.0,0.0,0.0,0.0,0.0,0.0,0.1,0.106,102.08,102.64,85.53,26,-0.098,9.0
21901244,1610612764,WAS,Washington,1626170,Jerian Grant,Jerian,,,15.000000:34,95.3,97.1,130.9,130.3,-35.7,-33.2,0.111,0.0,16.7,0.05,0.0,0.03,0.0,0.9,0.919,0.125,0.129,104.08,103.34,86.12,34,0.093,8.0
21901252,1610612764,WAS,Washington,1626170,Jerian Grant,Jerian,,DNP - Coach's Decision,,,0.0,,0.0,,0.0,,,,0.0,0.0,0.0,,,,0.0,0.0,,,,0,,22.0
21901285,1610612764,WAS,Washington,1626170,Jerian Grant,Jerian,,,21.000000:15,85.8,95.5,115.9,111.6,-30.2,-16.2,0.357,1.67,29.4,0.0,0.0,0.0,17.6,0.375,0.338,0.235,0.235,102.05,98.26,81.88,44,-0.014,6.0
21901303,1610612764,WAS,Washington,1626170,Jerian Grant,Jerian,,,4.000000:20,103.7,100.0,79.9,70.0,23.8,30.0,0.0,0.0,0.0,0.0,0.143,0.071,0.0,0.0,0.0,0.273,0.282,101.91,110.77,92.31,10,-0.211,21.0
21901263,1610612764,WAS,Washington,1626170,Jerian Grant,Jerian,,DNP - Coach's Decision,,,0.0,,0.0,,0.0,,,,0.0,0.0,0.0,,,,0.0,0.0,,,,0,,23.0
