GAME_ID,TEAM_ID,TEAM_ABBREVIATION,TEAM_CITY,PLAYER_ID,PLAYER_NAME,NICKNAME,START_POSITION,COMMENT,MIN,E_OFF_RATING,OFF_RATING,E_DEF_RATING,DEF_RATING,E_NET_RATING,NET_RATING,AST_PCT,AST_TOV,AST_RATIO,OREB_PCT,DREB_PCT,REB_PCT,TM_TOV_PCT,EFG_PCT,TS_PCT,USG_PCT,E_USG_PCT,E_PACE,PACE,PACE_PER40,POSS,PIE,Unnamed: 0
21901232,1610612747,LAL,Los Angeles,2747,JR Smith,JR,,,7.000000:51,89.1,88.9,126.4,127.8,-37.3,-38.9,0.0,0.0,0.0,0.0,0.0,0.0,0.0,0.0,0.0,0.05,0.05,110.55,110.06,91.72,18,-0.083,22.0
21901243,1610612747,LAL,Los Angeles,2747,JR Smith,JR,,,7.000000:46,101.6,100.0,128.1,127.8,-26.5,-27.8,0.0,0.0,0.0,0.0,0.143,0.067,50.0,0.0,0.0,0.111,0.113,110.26,111.24,92.7,18,-0.065,10.0
21901282,1610612747,LAL,Los Angeles,2747,JR Smith,JR,,DNP - Coach's Decision,,,0.0,,0.0,,0.0,,,,0.0,0.0,0.0,,,,0.0,0.0,,,,0,,11.0
21901296,1610612747,LAL,Los Angeles,2747,JR Smith,JR,,DNP - Coach's Decision,,,0.0,,0.0,,0.0,,,,0.0,0.0,0.0,,,,0.0,0.0,,,,0,,25.0
21901255,1610612747,LAL,Los Angeles,2747,JR Smith,JR,,,14.000000:00,125.9,119.4,118.0,115.2,7.8,4.2,0.0,0.0,0.0,0.0,0.0,0.0,0.0,0.333,0.515,0.118,0.127,105.57,109.69,91.41,31,0.031,8.0
21901310,1610612747,LAL,Los Angeles,2747,JR Smith,JR,,,25.000000:17,121.9,118.5,137.3,141.1,-15.5,-22.6,0.1,2.0,15.4,0.0,0.04,0.022,7.7,0.55,0.55,0.19,0.195,104.45,104.42,87.01,54,0.04,22.0
21901265,1610612747,LAL,Los Angeles,2747,JR Smith,JR,,,11.000000:25,71.4,72.0,78.6,80.8,-7.2,-8.8,0.0,0.0,0.0,0.0,0.083,0.037,25.0,0.0,0.0,0.154,0.153,109.15,107.21,89.34,25,-0.136,22.0
21901273,1610612747,LAL,Los Angeles,2747,JR Smith,JR,,,12.000000:35,83.2,82.1,92.1,96.4,-8.9,-14.3,0.125,1.0,16.7,0.0,0.125,0.077,16.7,0.25,0.25,0.161,0.169,108.64,106.81,89.01,28,0.027,9.0
