GAME_ID,TEAM_ID,TEAM_ABBREVIATION,TEAM_CITY,PLAYER_ID,PLAYER_NAME,NICKNAME,START_POSITION,COMMENT,MIN,E_OFF_RATING,OFF_RATING,E_DEF_RATING,DEF_RATING,E_NET_RATING,NET_RATING,AST_PCT,AST_TOV,AST_RATIO,OREB_PCT,DREB_PCT,REB_PCT,TM_TOV_PCT,EFG_PCT,TS_PCT,USG_PCT,E_USG_PCT,E_PACE,PACE,PACE_PER40,POSS,PIE,Unnamed: 0
20700033,1610612758,SAC,Sacramento,101158,Orien Greene,Orien,,,9.000000:21,90.8,83.3,123.4,115.0,-32.6,-31.7,0.0,0.0,0.0,0.0,0.0,0.0,25.0,0.333,0.333,0.19,0.205,90.28,97.57,81.31,18,-0.032,8.0
20700025,1610612758,SAC,Sacramento,101158,Orien Greene,Orien,G,,15.000000:48,66.5,62.5,100.8,96.7,-34.3,-34.2,0.143,0.5,20.0,0.0,0.063,0.028,40.0,0.0,0.0,0.111,0.117,89.38,94.18,78.48,32,-0.149,4.0
20700095,1610612758,SAC,Sacramento,101158,Orien Greene,Orien,,,3.000000:00,33.3,28.6,68.0,57.1,-34.7,-28.6,0.0,0.0,0.0,0.0,0.667,0.333,0.0,0.0,0.0,0.143,0.167,95.04,112.0,93.33,7,0.167,10.0
20700051,1610612758,SAC,Sacramento,101158,Orien Greene,Orien,,,6.000000:49,87.4,81.3,125.9,117.6,-38.6,-36.4,0.2,1.0,33.3,0.0,0.286,0.167,33.3,0.0,0.0,0.118,0.126,108.25,116.13,96.77,16,0.033,19.0
20700084,1610612758,SAC,Sacramento,101158,Orien Greene,Orien,,,2.000000:37,80.0,80.0,66.7,57.1,13.3,22.9,0.0,0.0,0.0,0.0,0.0,0.0,0.0,0.0,0.0,0.0,0.0,101.08,110.27,91.9,5,0.083,19.0
20700077,1610612758,SAC,Sacramento,101158,Orien Greene,Orien,,,6.000000:32,84.2,83.3,91.7,84.6,-7.5,-1.3,0.0,0.0,0.0,0.0,0.0,0.0,33.3,0.5,0.5,0.231,0.233,87.63,91.74,76.45,12,0.0,19.0
20700112,1610612758,SAC,Sacramento,101158,Orien Greene,Orien,,DNP - Coach's Decision,,,0.0,,0.0,,0.0,,,,0.0,0.0,0.0,,,,0.0,0.0,,,,0,,10.0
20700167,1610612758,SAC,Sacramento,101158,Orien Greene,Orien,,DNP - Coach's Decision,,,0.0,,0.0,,0.0,,,,0.0,0.0,0.0,,,,0.0,0.0,,,,0,,10.0
20700010,1610612758,SAC,Sacramento,101158,Orien Greene,Orien,G,,16.000000:35,110.0,112.1,93.5,90.9,16.5,21.2,0.067,0.5,20.0,0.0,0.067,0.037,40.0,0.5,0.5,0.114,0.115,95.11,95.52,79.6,33,-0.038,4.0
