GAME_ID,TEAM_ID,TEAM_ABBREVIATION,TEAM_CITY,PLAYER_ID,PLAYER_NAME,NICKNAME,START_POSITION,COMMENT,MIN,E_OFF_RATING,OFF_RATING,E_DEF_RATING,DEF_RATING,E_NET_RATING,NET_RATING,AST_PCT,AST_TOV,AST_RATIO,OREB_PCT,DREB_PCT,REB_PCT,TM_TOV_PCT,EFG_PCT,TS_PCT,USG_PCT,E_USG_PCT,E_PACE,PACE,PACE_PER40,POSS,PIE,Unnamed: 0
20700341,1610612753,ORL,Orlando,101162,Marcin Gortat,Marcin,,DNP - Coach's Decision,,,0.0,,0.0,,0.0,,,,0.0,0.0,0.0,,,,0.0,0.0,,,,0,,23.0
20701105,1610612753,ORL,Orlando,101162,Marcin Gortat,Marcin,,DNP - Coach's Decision,,,0.0,,0.0,,0.0,,,,0.0,0.0,0.0,,,,0.0,0.0,,,,0,,22.0
20700870,1610612753,ORL,Orlando,101162,Marcin Gortat,Marcin,,,2.000000:21,120.0,100.0,110.3,120.0,9.7,-20.0,0.0,0.0,0.0,0.0,0.333,0.25,0.0,1.0,1.0,0.167,0.2,106.62,112.34,93.62,6,0.154,22.0
20700897,1610612753,ORL,Orlando,101162,Marcin Gortat,Marcin,,,5.000000:24,123.0,109.1,118.2,118.2,4.8,-9.1,0.0,0.0,0.0,0.4,0.0,0.222,25.0,0.667,0.667,0.308,0.34,92.27,97.78,81.48,11,0.091,10.0
20700048,1610612753,ORL,Orlando,101162,Marcin Gortat,Marcin,,DNP - Coach's Decision,,,0.0,,0.0,,0.0,,,,0.0,0.0,0.0,,,,0.0,0.0,,,,0,,10.0
20700890,1610612753,ORL,Orlando,101162,Marcin Gortat,Marcin,,,0.000000:37,0.0,0.0,0.0,0.0,0.0,0.0,0.0,0.0,0.0,0.0,1.0,1.0,0.0,0.0,0.0,0.0,0.0,38.5,115.51,96.26,1,0.0,21.0
20701218,1610612753,ORL,Orlando,101162,Marcin Gortat,Marcin,,,27.000000:51,114.5,115.7,96.3,96.0,18.2,19.7,0.105,2.0,13.3,0.152,0.273,0.2,6.7,0.455,0.487,0.206,0.205,87.35,87.04,72.53,51,0.165,22.0
20700940,1610612753,ORL,Orlando,101162,Marcin Gortat,Marcin,,,2.000000:08,0.0,0.0,168.1,200.0,-168.1,-200.0,0.0,0.0,0.0,0.0,0.0,0.0,0.0,0.0,0.0,0.4,0.667,87.3,101.25,84.38,5,-0.857,21.0
20701078,1610612753,ORL,Orlando,101162,Marcin Gortat,Marcin,,,2.000000:19,80.0,80.0,150.0,150.0,-70.0,-70.0,0.0,0.0,0.0,0.25,0.0,0.167,0.0,0.0,0.0,0.0,0.0,93.24,93.24,77.7,5,0.045,10.0
