GAME_ID,TEAM_ID,TEAM_ABBREVIATION,TEAM_CITY,PLAYER_ID,PLAYER_NAME,NICKNAME,START_POSITION,COMMENT,MIN,E_OFF_RATING,OFF_RATING,E_DEF_RATING,DEF_RATING,E_NET_RATING,NET_RATING,AST_PCT,AST_TOV,AST_RATIO,OREB_PCT,DREB_PCT,REB_PCT,TM_TOV_PCT,EFG_PCT,TS_PCT,USG_PCT,E_USG_PCT,E_PACE,PACE,PACE_PER40,POSS,PIE,Unnamed: 0
20701162,1610612746,LAC,Los Angeles,1882,Elton Brand,Elton,C,,35.000000:25,99.2,100.0,126.5,125.0,-27.4,-25.0,0.087,2.0,11.1,0.061,0.097,0.078,5.6,0.417,0.548,0.213,0.212,97.37,97.56,81.3,72,0.087,14.0
20701214,1610612746,LAC,Los Angeles,1882,Elton Brand,Elton,C,,34.000000:46,94.0,94.2,123.3,125.0,-29.3,-30.8,0.1,0.5,12.5,0.038,0.091,0.068,25.0,0.444,0.455,0.2,0.2,95.32,94.57,78.81,69,0.019,2.0
20701175,1610612746,LAC,Los Angeles,1882,Elton Brand,Elton,C,,33.000000:28,83.3,85.9,112.7,113.8,-29.4,-27.9,0.083,1.0,4.0,0.081,0.125,0.101,4.0,0.5,0.508,0.312,0.324,94.46,92.51,77.09,64,0.106,14.0
20701196,1610612746,LAC,Los Angeles,1882,Elton Brand,Elton,C,,40.000000:30,96.8,96.8,116.2,116.3,-19.4,-19.5,0.167,1.33,16.0,0.104,0.205,0.152,12.0,0.429,0.571,0.202,0.204,109.66,109.63,91.36,93,0.139,2.0
20701226,1610612746,LAC,Los Angeles,1882,Elton Brand,Elton,C,,40.000000:47,94.9,93.2,104.8,108.0,-9.9,-14.8,0.045,0.5,4.8,0.081,0.188,0.141,9.5,0.357,0.514,0.235,0.242,88.27,87.68,73.07,74,0.134,2.0
20701152,1610612746,LAC,Los Angeles,1882,Elton Brand,Elton,F,,36.000000:05,91.5,92.6,105.6,110.3,-14.1,-17.6,0.0,0.0,0.0,0.088,0.143,0.116,15.0,0.5,0.535,0.278,0.275,93.01,90.46,75.38,68,0.105,13.0
20701121,1610612746,LAC,Los Angeles,1882,Elton Brand,Elton,,,25.000000:49,113.6,111.8,96.9,100.0,16.7,11.8,0.214,1.5,14.3,0.043,0.143,0.098,9.5,0.5,0.586,0.31,0.321,94.58,93.87,78.23,51,0.184,6.0
20701080,1610612746,LAC,Los Angeles,1882,Elton Brand,Elton,,DNP - DND - left Achilles' tendon,,,0.0,,0.0,,0.0,,,,0.0,0.0,0.0,,,,0.0,0.0,,,,0,,10.0
20701124,1610612746,LAC,Los Angeles,1882,Elton Brand,Elton,,,26.000000:58,107.1,110.9,116.9,119.6,-9.8,-8.7,0.15,3.0,14.3,0.097,0.231,0.158,4.8,0.467,0.447,0.265,0.265,101.69,98.77,82.31,55,0.124,5.0
