GAME_ID,TEAM_ID,TEAM_ABBREVIATION,TEAM_CITY,PLAYER_ID,PLAYER_NAME,NICKNAME,START_POSITION,COMMENT,MIN,E_OFF_RATING,OFF_RATING,E_DEF_RATING,DEF_RATING,E_NET_RATING,NET_RATING,AST_PCT,AST_TOV,AST_RATIO,OREB_PCT,DREB_PCT,REB_PCT,TM_TOV_PCT,EFG_PCT,TS_PCT,USG_PCT,E_USG_PCT,E_PACE,PACE,PACE_PER40,POSS,PIE,Unnamed: 0
21200887,1610612754,IND,Indiana,101122,Danny Granger,Danny,,,8.000000:01,93.7,100.0,109.7,116.7,-16.1,-16.7,0.0,0.0,0.0,0.0,0.0,0.0,0.0,0.0,0.0,0.188,0.189,79.75,74.84,62.37,13,-0.211,18.0
21200844,1610612754,IND,Indiana,101122,Danny Granger,Danny,,,18.000000:30,110.8,105.7,107.6,108.8,3.2,-3.1,0.083,0.0,10.0,0.0,0.091,0.053,0.0,0.143,0.285,0.231,0.241,87.96,89.51,74.59,35,0.033,16.0
21200827,1610612754,IND,Indiana,101122,Danny Granger,Danny,,,18.000000:36,94.4,97.2,96.2,92.1,-1.8,5.1,0.077,1.0,8.3,0.0,0.1,0.053,8.3,0.1,0.1,0.256,0.25,94.81,95.48,79.57,36,-0.126,7.0
21200861,1610612754,IND,Indiana,101122,Danny Granger,Danny,,,18.000000:59,74.6,77.8,135.3,139.5,-60.7,-61.7,0.2,0.5,7.1,0.05,0.071,0.059,14.3,0.55,0.551,0.295,0.299,96.94,93.56,77.96,36,0.089,19.0
21200864,1610612754,IND,Indiana,101122,Danny Granger,Danny,,,9.000000:34,91.2,85.0,35.0,35.0,56.2,50.0,0.0,0.0,0.0,0.25,0.083,0.15,14.3,0.7,0.68,0.318,0.339,96.94,100.35,83.62,20,0.5,6.0
