GAME_ID,TEAM_ID,TEAM_ABBREVIATION,TEAM_CITY,PLAYER_ID,PLAYER_NAME,NICKNAME,START_POSITION,COMMENT,MIN,E_OFF_RATING,OFF_RATING,E_DEF_RATING,DEF_RATING,E_NET_RATING,NET_RATING,AST_PCT,AST_TOV,AST_RATIO,OREB_PCT,DREB_PCT,REB_PCT,TM_TOV_PCT,EFG_PCT,TS_PCT,USG_PCT,E_USG_PCT,E_PACE,PACE,PACE_PER40,POSS,PIE,Unnamed: 0
21200100,1610612750,MIN,Minnesota,200750,Brandon Roy,Brandon,,DND - Sore Right Knee,,,0.0,,0.0,,0.0,,,,0.0,0.0,0.0,,,,0.0,0.0,,,,0,,12.0
21200060,1610612750,MIN,Minnesota,200750,Brandon Roy,Brandon,G,,26.000000:04,106.2,106.1,66.9,70.2,39.3,35.9,0.45,9.0,52.9,0.053,0.129,0.1,5.9,0.167,0.218,0.151,0.154,90.49,88.39,73.66,49,0.103,16.0
21200076,1610612750,MIN,Minnesota,200750,Brandon Roy,Brandon,G,,14.000000:48,89.3,92.6,108.2,103.7,-18.9,-11.1,0.111,0.0,16.7,0.0,0.071,0.042,0.0,0.6,0.6,0.179,0.179,87.37,87.57,72.97,27,0.133,16.0
21200038,1610612750,MIN,Minnesota,200750,Brandon Roy,Brandon,G,,21.000000:50,100.2,102.3,107.4,108.9,-7.2,-6.6,0.0,0.0,0.0,0.0,0.038,0.025,50.0,0.0,0.42,0.204,0.209,99.55,97.83,81.53,44,-0.058,3.0
21200023,1610612750,MIN,Minnesota,200750,Brandon Roy,Brandon,G,,30.000000:14,91.5,93.2,98.2,100.0,-6.7,-6.8,0.4,6.0,26.1,0.051,0.097,0.071,4.3,0.286,0.317,0.23,0.236,95.42,93.67,78.06,59,0.101,16.0
21200043,1610612750,MIN,Minnesota,200750,Brandon Roy,Brandon,G,,28.000000:56,125.7,136.0,136.5,137.3,-10.8,-1.3,0.259,0.0,50.0,0.0,0.087,0.044,0.0,0.429,0.429,0.119,0.118,87.41,83.79,69.83,50,0.073,3.0
21200084,1610612750,MIN,Minnesota,200750,Brandon Roy,Brandon,,DNP - Coach's Decision,,,0.0,,0.0,,0.0,,,,0.0,0.0,0.0,,,,0.0,0.0,,,,0,,12.0
