GAME_ID,TEAM_ID,TEAM_ABBREVIATION,TEAM_CITY,PLAYER_ID,PLAYER_NAME,NICKNAME,START_POSITION,COMMENT,MIN,E_OFF_RATING,OFF_RATING,E_DEF_RATING,DEF_RATING,E_NET_RATING,NET_RATING,AST_PCT,AST_TOV,AST_RATIO,OREB_PCT,DREB_PCT,REB_PCT,TM_TOV_PCT,EFG_PCT,TS_PCT,USG_PCT,E_USG_PCT,E_PACE,PACE,PACE_PER40,POSS,PIE,Unnamed: 0
21200458,1610612742,DAL,Dallas,201604,Chris Douglas-Roberts,Chris,,,7.000000:04,65.4,60.0,129.9,114.3,-64.5,-54.3,0.333,0.0,33.3,0.0,0.2,0.063,0.0,0.0,0.532,0.111,0.127,88.68,98.61,82.17,15,0.13,8.0
21200449,1610612742,DAL,Dallas,201604,Chris Douglas-Roberts,Chris,,,16.000000:26,94.6,93.9,104.9,106.3,-10.3,-12.3,0.077,0.0,20.0,0.0,0.0,0.0,0.0,0.25,0.25,0.103,0.103,95.16,94.93,79.11,33,-0.034,21.0
21200402,1610612742,DAL,Dallas,201604,Chris Douglas-Roberts,Chris,,,9.000000:32,136.8,137.5,126.2,123.5,10.6,14.0,0.143,1.0,25.0,0.0,0.2,0.083,25.0,0.0,0.852,0.158,0.157,82.37,83.08,69.23,16,0.116,10.0
21200431,1610612742,DAL,Dallas,201604,Chris Douglas-Roberts,Chris,,,14.000000:30,85.9,86.7,102.4,103.0,-16.5,-16.4,0.0,0.0,0.0,0.0,0.125,0.057,0.0,0.5,0.521,0.158,0.161,105.11,104.31,86.93,30,0.094,22.0
21200423,1610612742,DAL,Dallas,201604,Chris Douglas-Roberts,Chris,,,15.000000:03,104.2,110.7,105.3,100.0,-1.1,10.7,0.111,0.0,16.7,0.0,0.067,0.033,0.0,0.4,0.4,0.167,0.168,88.37,87.74,73.11,28,0.039,8.0
21200495,1610612742,DAL,Dallas,201604,Chris Douglas-Roberts,Chris,,DNP - Coach's Decision,,,0.0,,0.0,,0.0,,,,0.0,0.0,0.0,,,,0.0,0.0,,,,0,,22.0
21200469,1610612742,DAL,Dallas,201604,Chris Douglas-Roberts,Chris,,,0.000000:31,0.0,0.0,0.0,0.0,0.0,0.0,0.0,0.0,0.0,0.0,0.0,0.0,0.0,0.0,0.0,0.0,0.0,46.45,139.36,116.13,1,0.0,9.0
