GAME_ID,TEAM_ID,TEAM_ABBREVIATION,TEAM_CITY,PLAYER_ID,PLAYER_NAME,NICKNAME,START_POSITION,COMMENT,MIN,E_OFF_RATING,OFF_RATING,E_DEF_RATING,DEF_RATING,E_NET_RATING,NET_RATING,AST_PCT,AST_TOV,AST_RATIO,OREB_PCT,DREB_PCT,REB_PCT,TM_TOV_PCT,EFG_PCT,TS_PCT,USG_PCT,E_USG_PCT,E_PACE,PACE,PACE_PER40,POSS,PIE,Unnamed: 0
21201155,1610612755,PHI,Philadelphia,203200,Justin Holiday,Justin,,,16.000000:06,104.6,100.0,92.7,90.3,11.9,9.7,0.1,1.0,14.3,0.0,0.174,0.105,14.3,0.4,0.4,0.182,0.19,89.2,92.42,77.02,31,0.102,9.0
21201140,1610612755,PHI,Philadelphia,203200,Justin Holiday,Justin,,,6.000000:51,75.1,66.7,78.6,78.6,-3.5,-11.9,0.25,0.0,50.0,0.0,0.0,0.0,0.0,0.0,0.0,0.056,0.065,95.72,101.61,84.67,15,0.0,6.0
21201197,1610612755,PHI,Philadelphia,203200,Justin Holiday,Justin,,,26.000000:29,96.7,98.0,94.0,100.0,2.7,-2.0,0.176,3.0,25.0,0.0,0.034,0.018,8.3,0.357,0.381,0.164,0.168,94.17,90.62,75.51,49,0.045,20.0
21201221,1610612755,PHI,Philadelphia,203200,Justin Holiday,Justin,,,26.000000:30,96.6,94.3,102.3,98.1,-5.7,-3.7,0.158,1.0,20.0,0.0,0.0,0.0,20.0,0.438,0.45,0.203,0.208,92.02,95.09,79.25,53,0.033,8.0
21201129,1610612755,PHI,Philadelphia,203200,Justin Holiday,Justin,,,6.000000:49,109.0,107.1,93.1,86.7,15.9,20.5,0.333,0.0,14.3,0.0,0.333,0.154,0.0,0.333,0.333,0.4,0.407,97.6,102.1,85.09,14,0.0,6.0
21201112,1610612755,PHI,Philadelphia,203200,Justin Holiday,Justin,,,6.000000:54,92.3,85.7,93.7,92.9,-1.4,-7.1,0.0,0.0,0.0,0.0,0.286,0.133,28.6,0.2,0.2,0.412,0.438,93.5,97.39,81.16,14,-0.133,9.0
21201177,1610612755,PHI,Philadelphia,203200,Justin Holiday,Justin,,,19.000000:42,120.8,115.0,78.9,82.5,41.9,32.5,0.188,3.0,33.3,0.0,0.125,0.075,11.1,0.7,0.7,0.133,0.139,97.36,97.45,81.21,40,0.133,9.0
21201206,1610612755,PHI,Philadelphia,203200,Justin Holiday,Justin,,,27.000000:45,114.0,116.4,116.4,117.9,-2.4,-1.5,0.1,2.0,14.3,0.0,0.077,0.034,7.1,0.389,0.511,0.176,0.176,97.63,96.0,80.0,55,0.079,7.0
21201164,1610612755,PHI,Philadelphia,203200,Justin Holiday,Justin,,,4.000000:54,120.8,130.0,105.4,110.0,15.5,20.0,0.25,0.0,33.3,0.0,0.0,0.0,0.0,0.0,0.0,0.2,0.186,103.84,97.96,81.63,10,-0.042,23.0
