GAME_ID,TEAM_ID,TEAM_ABBREVIATION,TEAM_CITY,PLAYER_ID,PLAYER_NAME,NICKNAME,START_POSITION,COMMENT,MIN,E_OFF_RATING,OFF_RATING,E_DEF_RATING,DEF_RATING,E_NET_RATING,NET_RATING,AST_PCT,AST_TOV,AST_RATIO,OREB_PCT,DREB_PCT,REB_PCT,TM_TOV_PCT,EFG_PCT,TS_PCT,USG_PCT,E_USG_PCT,E_PACE,PACE,PACE_PER40,POSS,PIE,Unnamed: 0
21201223,1610612763,MEM,Memphis,2039,Keyon Dooling,Keyon,,,16.000000:24,90.8,83.9,90.4,93.3,0.3,-9.5,0.25,2.0,28.6,0.0,0.0,0.0,14.3,0.667,0.773,0.143,0.153,87.25,89.3,74.42,31,0.135,20.0
21201208,1610612763,MEM,Memphis,2039,Keyon Dooling,Keyon,,,24.000000:31,122.5,118.0,119.5,118.0,3.0,0.0,0.176,3.0,30.0,0.0,0.053,0.023,10.0,1.2,1.105,0.115,0.118,95.46,97.89,81.58,50,0.136,9.0
21201184,1610612763,MEM,Memphis,2039,Keyon Dooling,Keyon,,,11.000000:40,46.9,45.5,97.3,115.0,-50.4,-69.5,0.5,0.0,25.0,0.0,0.0,0.0,0.0,0.5,0.5,0.125,0.129,92.5,86.41,72.01,22,0.0,7.0
21201192,1610612763,MEM,Memphis,2039,Keyon Dooling,Keyon,,,4.000000:26,108.7,111.1,140.8,133.3,-32.1,-22.2,0.0,0.0,0.0,0.0,0.0,0.0,33.3,0.5,0.615,0.25,0.246,95.93,97.44,81.2,9,-0.087,20.0
21201137,1610612763,MEM,Memphis,2039,Keyon Dooling,Keyon,,DNP - Coach's Decision,,,0.0,,0.0,,0.0,,,,0.0,0.0,0.0,,,,0.0,0.0,,,,0,,11.0
21201120,1610612763,MEM,Memphis,2039,Keyon Dooling,Keyon,,,1.000000:55,66.7,50.0,51.0,75.0,15.6,-25.0,0.0,0.0,0.0,0.0,0.0,0.0,0.0,0.0,0.0,0.25,0.333,111.19,100.17,83.48,4,-1.0,11.0
21201149,1610612763,MEM,Memphis,2039,Keyon Dooling,Keyon,,,10.000000:34,96.7,90.5,76.8,71.4,19.9,19.0,0.4,2.0,28.6,0.0,0.0,0.0,14.3,0.333,0.515,0.185,0.203,88.94,95.39,79.5,21,0.082,7.0
21201159,1610612763,MEM,Memphis,2039,Keyon Dooling,Keyon,,,12.000000:12,90.6,90.9,102.8,108.3,-12.3,-17.4,0.0,0.0,0.0,0.0,0.0,0.0,20.0,0.25,0.25,0.192,0.199,93.21,90.53,75.44,22,-0.068,19.0
