GAME_ID,TEAM_ID,TEAM_ABBREVIATION,TEAM_CITY,PLAYER_ID,PLAYER_NAME,NICKNAME,START_POSITION,COMMENT,MIN,E_OFF_RATING,OFF_RATING,E_DEF_RATING,DEF_RATING,E_NET_RATING,NET_RATING,AST_PCT,AST_TOV,AST_RATIO,OREB_PCT,DREB_PCT,REB_PCT,TM_TOV_PCT,EFG_PCT,TS_PCT,USG_PCT,E_USG_PCT,E_PACE,PACE,PACE_PER40,POSS,PIE,Unnamed: 0
21400006,1610612751,BKN,Brooklyn,1905,Andrei Kirilenko,Andrei,,,10.000000:01,92.4,95.2,134.9,147.4,-42.5,-52.1,0.0,0.0,0.0,0.154,0.125,0.143,0.0,0.0,0.315,0.192,0.203,101.62,95.87,79.89,21,0.055,5.0
21400138,1610612751,BKN,Brooklyn,1905,Andrei Kirilenko,Andrei,,DNP - Coach's Decision,,,0.0,,0.0,,0.0,,,,0.0,0.0,0.0,,,,0.0,0.0,,,,0,,14.0
21400075,1610612751,BKN,Brooklyn,1905,Andrei Kirilenko,Andrei,,,2.000000:13,40.0,33.3,143.4,140.0,-103.4,-106.7,0.0,0.0,0.0,0.0,0.5,0.333,0.0,0.0,0.0,0.0,0.0,106.97,119.1,99.25,6,0.154,24.0
21400060,1610612751,BKN,Brooklyn,1905,Andrei Kirilenko,Andrei,,,4.000000:40,58.8,60.0,60.7,60.0,-1.9,0.0,0.0,0.0,0.0,0.0,0.125,0.077,50.0,0.0,0.0,0.167,0.164,103.27,102.86,85.71,10,-0.286,22.0
21400116,1610612751,BKN,Brooklyn,1905,Andrei Kirilenko,Andrei,,,3.000000:37,116.7,116.7,205.7,216.7,-89.0,-100.0,0.0,0.0,0.0,0.0,0.0,0.0,0.0,0.0,0.0,0.0,0.0,81.75,79.63,66.36,6,0.0,9.0
21400090,1610612751,BKN,Brooklyn,1905,Andrei Kirilenko,Andrei,,DNP - Coach's Decision,,,0.0,,0.0,,0.0,,,,0.0,0.0,0.0,,,,0.0,0.0,,,,0,,25.0
21400044,1610612751,BKN,Brooklyn,1905,Andrei Kirilenko,Andrei,,,4.000000:41,126.9,111.1,124.5,133.3,2.4,-22.2,0.25,0.0,100.0,0.0,0.5,0.286,0.0,0.0,0.0,0.0,0.0,89.78,92.24,76.87,9,0.138,23.0
21400121,1610612751,BKN,Brooklyn,1905,Andrei Kirilenko,Andrei,,,3.000000:56,66.7,75.0,137.5,137.5,-70.8,-62.5,0.0,0.0,0.0,0.0,0.0,0.0,0.0,0.0,0.0,0.0,0.0,103.73,97.63,81.36,8,0.0,5.0
21400033,1610612751,BKN,Brooklyn,1905,Andrei Kirilenko,Andrei,,,7.000000:16,100.0,100.0,123.5,121.4,-23.5,-21.4,0.0,0.0,0.0,0.0,0.125,0.067,0.0,0.0,0.0,0.067,0.067,91.68,92.48,77.06,14,0.0,10.0
