GAME_ID,TEAM_ID,TEAM_ABBREVIATION,TEAM_CITY,PLAYER_ID,PLAYER_NAME,NICKNAME,START_POSITION,COMMENT,MIN,E_OFF_RATING,OFF_RATING,E_DEF_RATING,DEF_RATING,E_NET_RATING,NET_RATING,AST_PCT,AST_TOV,AST_RATIO,OREB_PCT,DREB_PCT,REB_PCT,TM_TOV_PCT,EFG_PCT,TS_PCT,USG_PCT,E_USG_PCT,E_PACE,PACE,PACE_PER40,POSS,PIE,Unnamed: 0
21401179,1610612754,IND,Indiana,202331,Paul George,Paul,,,13.000000:54,116.4,114.8,107.6,107.1,8.8,7.7,0.25,1.0,18.2,0.0,0.19,0.125,18.2,0.667,0.727,0.3,0.314,94.12,94.95,79.13,27,0.195,7.0
21401197,1610612754,IND,Indiana,202331,Paul George,Paul,,,14.000000:09,96.4,96.7,111.7,110.3,-15.3,-13.7,0.111,1.0,8.3,0.231,0.176,0.2,8.3,0.389,0.405,0.333,0.333,99.58,100.06,83.38,30,0.074,18.0
21401220,1610612754,IND,Indiana,202331,Paul George,Paul,,,15.000000:01,85.4,84.6,93.8,85.2,-8.4,-0.6,0.125,0.5,12.5,0.056,0.231,0.129,25.0,0.2,0.2,0.212,0.214,80.36,84.71,70.59,26,-0.164,7.0
21401165,1610612754,IND,Indiana,202331,Paul George,Paul,,,15.000000:31,102.2,94.3,85.5,82.4,16.8,11.9,0.0,0.0,0.0,0.0,0.188,0.111,16.7,0.357,0.519,0.316,0.34,100.6,106.72,88.94,35,0.128,6.0
21401149,1610612754,IND,Indiana,202331,Paul George,Paul,,,14.000000:34,121.1,124.1,83.1,80.0,38.0,44.1,0.25,0.67,11.8,0.0,0.154,0.069,17.6,0.542,0.542,0.417,0.42,96.55,97.21,81.01,29,0.15,17.0
21401215,1610612754,IND,Indiana,202331,Paul George,Paul,,,17.000000:46,90.7,96.8,90.1,90.6,0.6,6.1,0.0,0.0,0.0,0.0,0.125,0.07,16.7,0.5,0.479,0.324,0.333,88.2,85.12,70.93,31,0.138,18.0
