GAME_ID,TEAM_ID,TEAM_ABBREVIATION,TEAM_CITY,PLAYER_ID,PLAYER_NAME,NICKNAME,START_POSITION,COMMENT,MIN,E_OFF_RATING,OFF_RATING,E_DEF_RATING,DEF_RATING,E_NET_RATING,NET_RATING,AST_PCT,AST_TOV,AST_RATIO,OREB_PCT,DREB_PCT,REB_PCT,TM_TOV_PCT,EFG_PCT,TS_PCT,USG_PCT,E_USG_PCT,E_PACE,PACE,PACE_PER40,POSS,PIE,Unnamed: 0
21401136,1610612747,LAL,Los Angeles,202779,Dwight Buycks,Dwight,,,6.000000:30,87.2,92.3,100.0,92.3,-12.8,0.0,1.0,0.5,14.3,0.0,0.143,0.067,28.6,1.0,1.0,0.4,0.407,95.11,96.0,80.0,13,0.304,23.0
21401153,1610612747,LAL,Los Angeles,202779,Dwight Buycks,Dwight,,,21.000000:42,87.2,87.8,115.3,109.3,-28.1,-21.5,0.1,0.25,9.1,0.048,0.111,0.077,36.4,0.667,0.699,0.222,0.226,90.74,92.9,77.42,41,0.097,21.0
21401186,1610612747,LAL,Los Angeles,202779,Dwight Buycks,Dwight,,,24.000000:47,110.0,110.4,118.7,114.3,-8.7,-3.9,0.316,6.0,42.9,0.0,0.042,0.021,7.1,0.357,0.357,0.14,0.142,92.31,93.93,78.28,48,0.058,18.0
21401169,1610612747,LAL,Los Angeles,202779,Dwight Buycks,Dwight,,,33.000000:09,110.6,112.3,103.3,98.5,7.3,13.8,0.136,0.75,17.6,0.032,0.103,0.071,23.5,0.688,0.735,0.189,0.187,94.73,96.29,80.24,65,0.138,6.0
21401159,1610612747,LAL,Los Angeles,202779,Dwight Buycks,Dwight,,,12.000000:35,100.2,100.0,112.6,113.6,-12.4,-13.6,0.167,0.0,16.7,0.0,0.1,0.043,0.0,0.375,0.512,0.208,0.218,84.25,83.94,69.95,22,0.11,8.0
21401201,1610612747,LAL,Los Angeles,202779,Dwight Buycks,Dwight,,,24.000000:01,90.2,96.0,123.8,127.1,-33.6,-31.1,0.2,2.0,13.3,0.0,0.045,0.022,6.7,0.364,0.421,0.236,0.235,102.46,97.94,81.62,50,0.032,18.0
