GAME_ID,TEAM_ID,TEAM_ABBREVIATION,TEAM_CITY,PLAYER_ID,PLAYER_NAME,NICKNAME,START_POSITION,COMMENT,MIN,E_OFF_RATING,OFF_RATING,E_DEF_RATING,DEF_RATING,E_NET_RATING,NET_RATING,AST_PCT,AST_TOV,AST_RATIO,OREB_PCT,DREB_PCT,REB_PCT,TM_TOV_PCT,EFG_PCT,TS_PCT,USG_PCT,E_USG_PCT,E_PACE,PACE,PACE_PER40,POSS,PIE,Unnamed: 0
21100970,1610612744,GSW,Golden State,1630,Mikki Moore,Mikki,,,19.000000:48,88.4,94.3,109.6,100.0,-21.2,-5.7,0.083,0.5,12.5,0.0,0.118,0.054,25.0,0.4,0.46,0.163,0.169,85.04,86.06,71.72,35,0.009,20.0
21100948,1610612744,GSW,Golden State,1630,Mikki Moore,Mikki,,,17.000000:36,92.4,97.0,144.5,142.4,-52.1,-45.5,0.1,0.5,14.3,0.105,0.077,0.094,28.6,1.0,1.064,0.15,0.151,91.58,90.0,75.0,33,0.074,5.0
21100912,1610612744,GSW,Golden State,1630,Mikki Moore,Mikki,,,8.000000:31,101.4,100.0,114.1,121.1,-12.7,-21.1,0.167,1.0,25.0,0.182,0.222,0.2,25.0,0.5,0.5,0.143,0.145,106.86,104.27,86.89,18,-0.033,19.0
21100931,1610612744,GSW,Golden State,1630,Mikki Moore,Mikki,,,10.000000:39,61.7,60.0,96.3,95.2,-34.6,-35.2,0.0,0.0,0.0,0.091,0.182,0.136,33.3,1.0,1.0,0.143,0.147,90.59,92.39,77.0,20,0.083,19.0
21100990,1610612744,GSW,Golden State,1630,Mikki Moore,Mikki,,,29.000000:02,96.3,100.0,105.0,103.4,-8.7,-3.4,0.08,0.0,33.3,0.0,0.125,0.077,0.0,0.25,0.25,0.065,0.064,96.19,95.06,79.22,57,0.041,18.0
21100940,1610612744,GSW,Golden State,1630,Mikki Moore,Mikki,,,7.000000:50,75.6,70.6,75.6,72.2,0.0,-1.6,0.0,0.0,0.0,0.0,0.111,0.05,0.0,0.0,0.0,0.053,0.056,101.39,107.28,89.4,17,-0.054,7.0
21100957,1610612744,GSW,Golden State,1630,Mikki Moore,Mikki,,,24.000000:18,111.3,112.8,69.1,72.3,42.1,40.4,0.0,0.0,0.0,0.077,0.065,0.07,16.7,0.25,0.307,0.109,0.11,95.64,92.84,77.37,47,-0.022,5.0
