GAME_ID,TEAM_ID,TEAM_ABBREVIATION,TEAM_CITY,PLAYER_ID,PLAYER_NAME,NICKNAME,START_POSITION,COMMENT,MIN,E_OFF_RATING,OFF_RATING,E_DEF_RATING,DEF_RATING,E_NET_RATING,NET_RATING,AST_PCT,AST_TOV,AST_RATIO,OREB_PCT,DREB_PCT,REB_PCT,TM_TOV_PCT,EFG_PCT,TS_PCT,USG_PCT,E_USG_PCT,E_PACE,PACE,PACE_PER40,POSS,PIE,Unnamed: 0
21100027,1610612760,OKC,Oklahoma City,201953,Eric Maynor,Eric,,,16.000000:47,103.8,112.9,97.3,103.0,6.5,9.9,0.429,3.0,21.4,0.048,0.05,0.049,7.1,0.35,0.35,0.282,0.284,98.19,91.5,76.25,31,0.077,7.0
21100035,1610612760,OKC,Oklahoma City,201953,Eric Maynor,Eric,,,16.000000:52,114.9,115.6,89.8,90.9,25.1,24.7,0.231,1.5,33.3,0.0,0.1,0.067,22.2,0.625,0.625,0.188,0.186,93.34,92.49,77.08,32,0.109,20.0
21100079,1610612760,OKC,Oklahoma City,201953,Eric Maynor,Eric,,,8.000000:51,107.9,100.0,104.7,105.9,3.2,-5.9,0.2,0.0,20.0,0.0,0.111,0.053,0.0,0.333,0.515,0.211,0.225,89.38,92.2,76.84,17,0.086,21.0
21100053,1610612760,OKC,Oklahoma City,201953,Eric Maynor,Eric,,,22.000000:39,116.4,117.4,113.2,108.5,3.1,8.9,0.3,1.5,42.9,0.105,0.0,0.048,28.6,0.0,0.0,0.157,0.162,96.9,98.55,82.13,46,-0.021,22.0
21100105,1610612760,OKC,Oklahoma City,201953,Eric Maynor,Eric,,,19.000000:28,122.5,125.0,111.3,105.4,11.2,19.6,0.143,0.0,25.0,0.0,0.091,0.049,0.0,0.417,0.417,0.143,0.151,88.47,90.0,75.0,36,0.044,21.0
21100073,1610612760,OKC,Oklahoma City,201953,Eric Maynor,Eric,,,17.000000:51,94.6,94.1,119.2,117.1,-24.6,-23.0,0.143,1.0,14.3,0.0,0.0,0.0,14.3,0.875,0.922,0.158,0.163,91.75,92.77,77.31,34,0.127,7.0
21100115,1610612760,OKC,Oklahoma City,201953,Eric Maynor,Eric,,,8.000000:02,100.7,105.9,124.0,126.7,-23.3,-20.8,0.143,1.0,33.3,0.0,0.143,0.063,33.3,0.0,0.0,0.105,0.106,99.19,95.6,79.67,17,-0.028,9.0
21100004,1610612760,OKC,Oklahoma City,201953,Eric Maynor,Eric,,,13.000000:56,135.9,126.9,80.1,74.1,55.8,52.8,0.5,3.0,33.3,0.0,0.095,0.065,11.1,0.8,0.8,0.214,0.228,84.82,91.29,76.08,26,0.202,20.0
21100011,1610612760,OKC,Oklahoma City,201953,Eric Maynor,Eric,,,12.000000:12,99.7,104.3,124.6,120.0,-24.9,-15.7,0.286,2.0,40.0,0.0,0.091,0.043,20.0,0.0,0.0,0.12,0.12,94.74,94.43,78.69,23,-0.045,7.0
