GAME_ID,TEAM_ID,TEAM_ABBREVIATION,TEAM_CITY,PLAYER_ID,PLAYER_NAME,NICKNAME,START_POSITION,COMMENT,MIN,E_OFF_RATING,OFF_RATING,E_DEF_RATING,DEF_RATING,E_NET_RATING,NET_RATING,AST_PCT,AST_TOV,AST_RATIO,OREB_PCT,DREB_PCT,REB_PCT,TM_TOV_PCT,EFG_PCT,TS_PCT,USG_PCT,E_USG_PCT,E_PACE,PACE,PACE_PER40,POSS,PIE,Unnamed: 0
21100231,1610612751,NJN,New Jersey,202082,Larry Owens,Larry,,,1.000000:12,138.9,133.3,100.0,50.0,38.9,83.3,0.0,0.0,0.0,0.0,1.0,0.5,0.0,0.0,0.0,0.0,0.0,97.6,140.0,116.67,3,0.125,23.0
21100244,1610612751,NJN,New Jersey,202082,Larry Owens,Larry,,,28.000000:42,110.2,107.5,130.8,120.8,-20.6,-13.2,0.1,0.0,25.0,0.036,0.185,0.109,0.0,0.5,0.595,0.1,0.106,84.16,88.64,73.87,53,0.077,7.0
21100293,1610612751,NJN,New Jersey,202082,Larry Owens,Larry,,,20.000000:26,69.5,69.4,107.3,108.6,-37.8,-39.1,0.0,0.0,0.0,0.05,0.0,0.03,0.0,0.833,0.773,0.1,0.103,83.79,83.37,69.47,36,0.068,22.0
21100257,1610612751,NJN,New Jersey,202082,Larry Owens,Larry,,,7.000000:22,133.2,106.3,101.4,89.5,31.8,16.8,0.2,1.0,33.3,0.0,0.375,0.2,33.3,0.0,0.0,0.105,0.127,96.13,113.98,94.98,16,0.0,8.0
21100310,1610612751,NJN,New Jersey,202082,Larry Owens,Larry,,,4.000000:40,50.0,44.4,141.7,140.0,-91.7,-95.6,0.0,0.0,0.0,0.0,0.0,0.0,50.0,0.0,0.0,0.222,0.25,92.05,97.82,81.52,9,-0.111,7.0
21100275,1610612751,NJN,New Jersey,202082,Larry Owens,Larry,,,12.000000:38,67.7,59.3,90.4,86.2,-22.8,-26.9,0.167,0.0,50.0,0.0,0.154,0.074,0.0,0.0,0.0,0.032,0.036,97.37,106.33,88.61,27,-0.044,8.0
21100239,1610612751,NJN,New Jersey,202082,Larry Owens,Larry,,,0.000000:12,0.0,0.0,0.0,0.0,0.0,0.0,0.0,0.0,0.0,0.0,0.0,0.0,0.0,0.0,0.0,0.0,0.0,122.03,244.07,203.39,1,0.0,22.0
21100206,1610612751,NJN,New Jersey,202082,Larry Owens,Larry,,DNP - Coach's Decision,,,0.0,,0.0,,0.0,,,,0.0,0.0,0.0,,,,0.0,0.0,,,,0,,22.0
