GAME_ID,TEAM_ID,TEAM_ABBREVIATION,TEAM_CITY,PLAYER_ID,PLAYER_NAME,NICKNAME,START_POSITION,COMMENT,MIN,E_OFF_RATING,OFF_RATING,E_DEF_RATING,DEF_RATING,E_NET_RATING,NET_RATING,AST_PCT,AST_TOV,AST_RATIO,OREB_PCT,DREB_PCT,REB_PCT,TM_TOV_PCT,EFG_PCT,TS_PCT,USG_PCT,E_USG_PCT,E_PACE,PACE,PACE_PER40,POSS,PIE,Unnamed: 0
21100033,1610612751,NJN,New Jersey,202345,Damion James,Damion,F,,12.000000:51,66.3,70.8,95.3,91.7,-29.0,-20.8,0.0,0.0,0.0,0.0,0.167,0.071,50.0,1.0,1.0,0.133,0.14,90.99,89.65,74.71,24,0.061,0.0
21100018,1610612751,NJN,New Jersey,202345,Damion James,Damion,F,,23.000000:37,52.0,51.1,102.5,100.0,-50.5,-48.9,0.0,0.0,0.0,0.0,0.107,0.057,50.0,0.0,0.0,0.157,0.163,94.51,96.54,80.45,47,-0.152,13.0
21100509,1610612751,NJN,New Jersey,202345,Damion James,Damion,,NWT - Right Foot Surgery,,,0.0,,0.0,,0.0,,,,0.0,0.0,0.0,,,,0.0,0.0,,,,0,,11.0
21100084,1610612751,NJN,New Jersey,202345,Damion James,Damion,F,,18.000000:28,107.5,103.2,82.5,83.3,25.1,19.9,0.0,0.0,0.0,0.0,0.267,0.118,33.3,0.5,0.5,0.081,0.084,78.08,79.28,66.06,31,0.076,0.0
21100042,1610612751,NJN,New Jersey,202345,Damion James,Damion,F,,19.000000:58,108.1,108.3,106.0,111.1,2.0,-2.8,0.0,0.0,0.0,0.0,0.095,0.05,14.3,0.167,0.167,0.159,0.159,88.71,86.54,72.12,36,-0.015,0.0
21100068,1610612751,NJN,New Jersey,202345,Damion James,Damion,F,,25.000000:38,99.4,106.5,120.9,126.1,-21.5,-19.6,0.0,0.0,0.0,0.094,0.083,0.089,8.3,0.444,0.465,0.19,0.193,91.05,86.14,71.79,46,0.065,12.0
21100112,1610612751,NJN,New Jersey,202345,Damion James,Damion,,DND - Sore Right Foot,,,0.0,,0.0,,0.0,,,,0.0,0.0,0.0,,,,0.0,0.0,,,,0,,25.0
21100060,1610612751,NJN,New Jersey,202345,Damion James,Damion,F,,31.000000:42,86.0,91.5,102.9,104.9,-16.9,-13.4,0.2,1.5,23.1,0.031,0.071,0.05,15.4,0.6,0.654,0.143,0.143,94.65,90.86,75.72,59,0.097,1.0
21100006,1610612751,NJN,New Jersey,202345,Damion James,Damion,F,,38.000000:15,105.3,106.8,84.6,85.3,20.7,21.5,0.0,0.0,0.0,0.073,0.234,0.159,11.1,0.286,0.381,0.102,0.103,93.92,92.87,77.39,73,0.089,0.0
