GAME_ID,TEAM_ID,TEAM_ABBREVIATION,TEAM_CITY,PLAYER_ID,PLAYER_NAME,NICKNAME,START_POSITION,COMMENT,MIN,E_OFF_RATING,OFF_RATING,E_DEF_RATING,DEF_RATING,E_NET_RATING,NET_RATING,AST_PCT,AST_TOV,AST_RATIO,OREB_PCT,DREB_PCT,REB_PCT,TM_TOV_PCT,EFG_PCT,TS_PCT,USG_PCT,E_USG_PCT,E_PACE,PACE,PACE_PER40,POSS,PIE,Unnamed: 0
21100740,1610612759,SAS,San Antonio,202458,Justin Dentmon,Justin,,DNP - Coach's Decision,,,0.0,,0.0,,0.0,,,,0.0,0.0,0.0,,,,0.0,0.0,,,,0,,11.0
21100816,1610612761,TOR,Toronto,202458,Justin Dentmon,Justin,,,13.000000:46,63.8,61.5,83.9,88.5,-20.1,-26.9,0.0,0.0,0.0,0.0,0.063,0.033,28.6,0.25,0.307,0.241,0.249,91.49,90.65,75.54,26,-0.25,21.0
21100723,1610612759,SAS,San Antonio,202458,Justin Dentmon,Justin,,,12.000000:08,44.2,42.3,74.7,76.9,-30.5,-34.6,0.0,0.0,0.0,0.0,0.0,0.0,20.0,0.25,0.25,0.179,0.193,102.15,102.86,85.71,26,-0.08,20.0
21100858,1610612761,TOR,Toronto,202458,Justin Dentmon,Justin,,,21.000000:07,73.2,74.4,99.5,102.6,-26.3,-28.3,0.222,2.0,33.3,0.0,0.158,0.067,16.7,0.833,0.833,0.095,0.094,89.61,87.51,72.93,39,0.12,19.0
21100874,1610612761,TOR,Toronto,202458,Justin Dentmon,Justin,,,15.000000:24,85.2,86.7,105.0,106.9,-19.8,-20.2,0.5,0.0,37.5,0.0,0.0,0.0,0.0,0.4,0.4,0.147,0.154,93.58,91.96,76.63,30,0.048,19.0
21100844,1610612761,TOR,Toronto,202458,Justin Dentmon,Justin,,DNP - Coach's Decision,,,0.0,,0.0,,0.0,,,,0.0,0.0,0.0,,,,0.0,0.0,,,,0,,12.0
21100715,1610612759,SAS,San Antonio,202458,Justin Dentmon,Justin,,,6.000000:32,69.9,75.0,47.9,45.5,22.0,29.5,0.5,0.0,33.3,0.0,0.167,0.071,0.0,0.5,0.5,0.154,0.155,85.75,84.58,70.48,12,1.333,8.0
21100840,1610612761,TOR,Toronto,202458,Justin Dentmon,Justin,,DNP - Coach's Decision,,,0.0,,0.0,,0.0,,,,0.0,0.0,0.0,,,,0.0,0.0,,,,0,,12.0
21100896,1610612761,TOR,Toronto,202458,Justin Dentmon,Justin,,,21.000000:46,100.4,104.7,94.4,90.9,5.9,13.7,0.267,1.33,21.1,0.0,0.13,0.073,15.8,0.35,0.425,0.326,0.32,96.15,95.93,79.94,43,0.071,8.0
