GAME_ID,TEAM_ID,TEAM_ABBREVIATION,TEAM_CITY,PLAYER_ID,PLAYER_NAME,NICKNAME,START_POSITION,COMMENT,MIN,E_OFF_RATING,OFF_RATING,E_DEF_RATING,DEF_RATING,E_NET_RATING,NET_RATING,AST_PCT,AST_TOV,AST_RATIO,OREB_PCT,DREB_PCT,REB_PCT,TM_TOV_PCT,EFG_PCT,TS_PCT,USG_PCT,E_USG_PCT,E_PACE,PACE,PACE_PER40,POSS,PIE,Unnamed: 0
21100970,1610612740,NOH,New Orleans,202406,Jerome Dyson,Jerome,,,25.000000:04,97.1,95.1,98.9,109.3,-1.8,-14.2,0.214,3.0,27.3,0.0,0.043,0.022,9.1,0.2,0.37,0.163,0.166,83.97,80.44,67.03,41,0.048,8.0
21100959,1610612740,NOH,New Orleans,202406,Jerome Dyson,Jerome,,,17.000000:46,90.4,91.7,69.5,69.4,20.8,22.2,0.3,1.0,33.3,0.0,0.111,0.057,33.3,1.25,1.215,0.15,0.152,97.87,97.22,81.02,36,0.2,9.0
21100863,1610612740,NOH,New Orleans,202406,Jerome Dyson,Jerome,,,23.000000:29,115.5,113.3,98.9,93.6,16.6,19.7,0.25,2.5,38.5,0.0,0.111,0.068,15.4,0.2,0.237,0.167,0.17,90.6,94.03,78.36,45,0.036,20.0
21100903,1610612740,NOH,New Orleans,202406,Jerome Dyson,Jerome,,,14.000000:43,104.5,100.0,50.8,53.6,53.7,46.4,0.0,0.0,0.0,0.0,0.136,0.081,22.2,0.4,0.625,0.281,0.292,90.25,89.66,74.72,27,0.22,8.0
21100900,1610612740,NOH,New Orleans,202406,Jerome Dyson,Jerome,,,12.000000:02,64.0,60.9,94.8,95.7,-30.8,-34.8,0.4,0.67,28.6,0.0,0.077,0.04,42.9,0.5,0.5,0.2,0.209,89.91,91.75,76.45,23,0.0,22.0
21100925,1610612740,NOH,New Orleans,202406,Jerome Dyson,Jerome,,,26.000000:38,123.8,127.1,97.3,94.1,26.5,33.0,0.2,0.67,10.5,0.0,0.1,0.061,15.8,0.714,0.855,0.293,0.297,88.85,89.21,74.34,48,0.306,8.0
21100881,1610612740,NOH,New Orleans,202406,Jerome Dyson,Jerome,,,6.000000:11,130.0,118.2,112.6,100.0,17.4,18.2,0.2,0.0,25.0,0.0,0.0,0.0,0.0,0.333,0.333,0.25,0.273,73.28,81.51,67.92,11,0.044,21.0
21100935,1610612740,NOH,New Orleans,202406,Jerome Dyson,Jerome,,,13.000000:06,57.0,60.0,91.8,84.6,-34.8,-24.6,0.167,0.5,12.5,0.056,0.2,0.121,25.0,0.0,0.0,0.212,0.223,92.15,93.47,77.89,25,-0.289,20.0
21100986,1610612740,NOH,New Orleans,202406,Jerome Dyson,Jerome,G,,41.000000:12,71.8,69.6,93.9,93.7,-22.0,-24.1,0.077,0.25,4.5,0.024,0.019,0.021,18.2,0.429,0.451,0.259,0.267,90.52,92.04,76.7,79,0.028,4.0
