GAME_ID,TEAM_ID,TEAM_ABBREVIATION,TEAM_CITY,PLAYER_ID,PLAYER_NAME,NICKNAME,START_POSITION,COMMENT,MIN,E_OFF_RATING,OFF_RATING,E_DEF_RATING,DEF_RATING,E_NET_RATING,NET_RATING,AST_PCT,AST_TOV,AST_RATIO,OREB_PCT,DREB_PCT,REB_PCT,TM_TOV_PCT,EFG_PCT,TS_PCT,USG_PCT,E_USG_PCT,E_PACE,PACE,PACE_PER40,POSS,PIE,Unnamed: 0
21100657,1610612751,NJN,New Jersey,202536,Jerry Smith,Jerry,,,11.000000:16,74.3,77.3,87.8,82.6,-13.5,-5.3,0.2,0.0,20.0,0.125,0.133,0.129,0.0,0.25,0.25,0.143,0.149,94.84,95.86,79.88,22,0.167,20.0
21100686,1610612751,NJN,New Jersey,202536,Jerry Smith,Jerry,,,3.000000:18,0.0,0.0,110.3,120.0,-110.3,-120.0,0.0,0.0,0.0,0.0,0.0,0.0,0.0,0.0,0.0,0.333,0.333,83.2,80.0,66.67,6,-0.5,23.0
21100644,1610612751,NJN,New Jersey,202536,Jerry Smith,Jerry,,,19.000000:43,110.9,110.5,79.1,79.5,31.8,31.0,0.188,0.0,30.0,0.0,0.143,0.063,0.0,0.357,0.357,0.163,0.167,93.86,93.77,78.14,38,0.079,7.0
21100703,1610612751,NJN,New Jersey,202536,Jerry Smith,Jerry,,DNP - Coach's Decision,,,0.0,,0.0,,0.0,,,,0.0,0.0,0.0,,,,0.0,0.0,,,,0,,11.0
21100671,1610612751,NJN,New Jersey,202536,Jerry Smith,Jerry,,,9.000000:58,89.5,78.9,126.6,120.0,-37.1,-41.1,0.0,0.0,0.0,0.0,0.091,0.048,0.0,0.0,0.0,0.05,0.056,85.99,93.88,78.23,19,-0.034,17.0
21100712,1610612751,NJN,New Jersey,202536,Jerry Smith,Jerry,,,1.000000:42,0.0,0.0,150.0,150.0,-150.0,-150.0,0.0,0.0,0.0,0.0,0.0,0.0,0.0,0.0,0.0,0.0,0.0,98.82,112.94,94.12,4,0.0,23.0
