GAME_ID,TEAM_ID,TEAM_ABBREVIATION,TEAM_CITY,PLAYER_ID,PLAYER_NAME,NICKNAME,START_POSITION,COMMENT,MIN,E_OFF_RATING,OFF_RATING,E_DEF_RATING,DEF_RATING,E_NET_RATING,NET_RATING,AST_PCT,AST_TOV,AST_RATIO,OREB_PCT,DREB_PCT,REB_PCT,TM_TOV_PCT,EFG_PCT,TS_PCT,USG_PCT,E_USG_PCT,E_PACE,PACE,PACE_PER40,POSS,PIE,Unnamed: 0
21100378,1610612751,NJN,New Jersey,2586,Keith Bogans,Keith,,,21.000000:14,99.8,97.5,102.6,97.6,-2.8,-0.1,0.154,0.0,66.7,0.0,0.056,0.028,0.0,1.5,1.5,0.023,0.024,89.34,92.68,77.24,40,0.041,18.0
21100393,1610612751,NJN,New Jersey,2586,Keith Bogans,Keith,,NWT - LEFT ANKLE INJURY,,,0.0,,0.0,,0.0,,,,0.0,0.0,0.0,,,,0.0,0.0,,,,0,,10.0
21100345,1610612751,NJN,New Jersey,2586,Keith Bogans,Keith,,,15.000000:46,96.6,93.1,115.7,113.8,-19.1,-20.7,0.0,0.0,0.0,0.0,0.0,0.0,20.0,0.5,0.563,0.143,0.152,85.97,88.29,73.57,29,0.0,5.0
21100318,1610612751,NJN,New Jersey,2586,Keith Bogans,Keith,,,17.000000:05,100.5,93.9,123.2,132.4,-22.7,-38.4,0.0,0.0,0.0,0.059,0.0,0.028,0.0,0.2,0.184,0.132,0.14,94.6,94.09,78.41,33,-0.081,20.0
21100335,1610612751,NJN,New Jersey,2586,Keith Bogans,Keith,,,19.000000:05,105.5,100.0,105.7,105.0,-0.2,-5.0,0.0,0.0,0.0,0.095,0.174,0.136,12.5,0.25,0.291,0.174,0.182,96.42,99.34,82.78,39,0.0,19.0
21100360,1610612751,NJN,New Jersey,2586,Keith Bogans,Keith,G,,20.000000:29,96.4,97.0,153.5,157.1,-57.1,-60.2,0.1,1.0,14.3,0.087,0.077,0.083,14.3,0.7,0.643,0.15,0.149,80.89,79.67,66.4,33,0.026,16.0
