GAME_ID,TEAM_ID,TEAM_ABBREVIATION,TEAM_CITY,PLAYER_ID,PLAYER_NAME,NICKNAME,START_POSITION,COMMENT,MIN,E_OFF_RATING,OFF_RATING,E_DEF_RATING,DEF_RATING,E_NET_RATING,NET_RATING,AST_PCT,AST_TOV,AST_RATIO,OREB_PCT,DREB_PCT,REB_PCT,TM_TOV_PCT,EFG_PCT,TS_PCT,USG_PCT,E_USG_PCT,E_PACE,PACE,PACE_PER40,POSS,PIE,Unnamed: 0
21100432,1610612751,NJN,New Jersey,2765,Andre Emmett,Andre,,,15.000000:11,104.5,100.0,125.6,121.4,-21.1,-21.4,0.0,0.0,0.0,0.0,0.063,0.036,0.0,0.333,0.515,0.125,0.134,86.72,90.14,75.12,29,0.056,17.0
21100442,1610612751,NJN,New Jersey,2765,Andre Emmett,Andre,,,11.000000:11,98.3,90.0,86.6,81.0,11.7,9.0,0.0,0.0,0.0,0.0,0.083,0.056,50.0,1.0,0.798,0.182,0.197,81.52,88.05,73.38,20,0.054,5.0
21100457,1610612751,NJN,New Jersey,2765,Andre Emmett,Andre,,,1.000000:08,53.2,33.3,145.3,125.0,-92.2,-91.7,0.0,0.0,0.0,0.0,0.0,0.0,0.0,0.0,0.0,0.0,0.0,112.49,148.02,123.35,3,0.0,10.0
21100491,1610612751,NJN,New Jersey,2765,Andre Emmett,Andre,,,12.000000:37,114.9,113.6,104.0,100.0,10.9,13.6,0.125,0.0,16.7,0.111,0.067,0.083,0.0,0.667,0.63,0.208,0.21,85.33,87.54,72.95,22,0.139,22.0
21100465,1610612751,NJN,New Jersey,2765,Andre Emmett,Andre,,,4.000000:37,66.7,60.0,67.6,66.7,-0.9,-6.7,0.0,0.0,0.0,0.2,0.25,0.222,0.0,0.0,0.0,0.0,0.0,93.12,98.95,82.46,10,1.5,22.0
21100471,1610612751,NJN,New Jersey,2765,Andre Emmett,Andre,,,0.000000:12,0.0,0.0,0.0,0.0,0.0,0.0,0.0,0.0,0.0,0.0,0.0,0.0,0.0,0.0,0.0,0.0,0.0,236.07,236.07,196.72,1,0.0,8.0
