GAME_ID,TEAM_ID,TEAM_ABBREVIATION,TEAM_CITY,PLAYER_ID,PLAYER_NAME,NICKNAME,START_POSITION,COMMENT,MIN,E_OFF_RATING,OFF_RATING,E_DEF_RATING,DEF_RATING,E_NET_RATING,NET_RATING,AST_PCT,AST_TOV,AST_RATIO,OREB_PCT,DREB_PCT,REB_PCT,TM_TOV_PCT,EFG_PCT,TS_PCT,USG_PCT,E_USG_PCT,E_PACE,PACE,PACE_PER40,POSS,PIE,Unnamed: 0
22000393,1610612753,ORL,Orlando,1628412,Frank Mason III,Frank,G,,4.000000:17,44.4,44.4,90.0,100.0,-45.6,-55.6,0.0,0.0,0.0,0.0,0.0,0.0,0.0,0.0,0.0,0.0,0.0,106.46,100.86,84.05,9,-0.08,4.0
22000344,1610612753,ORL,Orlando,1628412,Frank Mason III,Frank,,,15.000000:33,92.8,91.2,126.6,126.5,-33.8,-35.3,0.364,2.0,36.4,0.0,0.077,0.033,18.2,0.375,0.41,0.184,0.192,103.96,104.95,87.46,34,-0.016,21.0
22000353,1610612753,ORL,Orlando,1628412,Frank Mason III,Frank,,,26.000000:13,91.1,94.2,101.8,102.0,-10.7,-7.8,0.222,0.0,26.7,0.034,0.111,0.071,0.0,0.4,0.46,0.172,0.178,95.06,93.38,77.81,52,0.108,20.0
22000380,1610612753,ORL,Orlando,1628412,Frank Mason III,Frank,,,33.000000:14,108.6,109.1,106.5,104.3,2.1,4.7,0.167,1.33,22.2,0.049,0.122,0.085,16.7,0.45,0.486,0.182,0.184,96.68,97.49,81.24,66,0.071,8.0
