GAME_ID,TEAM_ID,TEAM_ABBREVIATION,TEAM_CITY,PLAYER_ID,PLAYER_NAME,NICKNAME,START_POSITION,COMMENT,MIN,E_OFF_RATING,OFF_RATING,E_DEF_RATING,DEF_RATING,E_NET_RATING,NET_RATING,AST_PCT,AST_TOV,AST_RATIO,OREB_PCT,DREB_PCT,REB_PCT,TM_TOV_PCT,EFG_PCT,TS_PCT,USG_PCT,E_USG_PCT,E_PACE,PACE,PACE_PER40,POSS,PIE,Unnamed: 0
22000012,1610612753,ORL,Orlando,1628365,Markelle Fultz,Markelle,G,,28.000000:49,109.6,109.1,104.1,104.5,5.5,4.5,0.2,1.0,16.7,0.0,0.208,0.091,16.7,0.4,0.46,0.274,0.279,109.9,109.94,91.61,66,0.066,19.0
22000064,1610612753,ORL,Orlando,1628365,Markelle Fultz,Markelle,G,,24.000000:12,86.4,88.2,141.2,146.2,-54.8,-57.9,0.286,2.0,23.5,0.0,0.087,0.038,11.8,0.364,0.393,0.245,0.24,105.04,102.15,85.12,51,0.038,19.0
22000093,1610612753,ORL,Orlando,1628365,Markelle Fultz,Markelle,G,,31.000000:00,109.5,111.7,92.9,94.9,16.6,16.8,0.348,1.6,36.4,0.0,0.167,0.081,22.7,0.333,0.333,0.189,0.194,94.05,92.13,76.77,60,0.057,16.0
22000052,1610612753,ORL,Orlando,1628365,Markelle Fultz,Markelle,G,,31.000000:40,122.7,120.3,108.4,110.4,14.3,9.8,0.313,0.0,37.0,0.1,0.033,0.067,0.0,0.281,0.326,0.224,0.228,103.01,103.07,85.89,69,0.065,4.0
22000081,1610612753,ORL,Orlando,1628365,Markelle Fultz,Markelle,G,,34.000000:58,94.3,95.8,105.1,102.7,-10.9,-6.9,0.333,2.67,28.6,0.0,0.083,0.037,10.7,0.344,0.355,0.241,0.243,99.85,100.21,83.51,72,0.057,19.0
22000687,1610612753,ORL,Orlando,1628365,Markelle Fultz,Markelle,,DND - Injury/Illness,,,0.0,,0.0,,0.0,,,,0.0,0.0,0.0,,,,0.0,0.0,,,,0,,22.0
22000108,1610612753,ORL,Orlando,1628365,Markelle Fultz,Markelle,G,,4.000000:25,31.8,30.0,112.7,110.0,-80.9,-80.0,0.0,0.0,0.0,0.0,0.0,0.0,0.0,0.333,0.436,0.3,0.318,104.33,108.68,90.57,10,0.333,16.0
22000033,1610612753,ORL,Orlando,1628365,Markelle Fultz,Markelle,G,,29.000000:03,111.1,109.4,122.6,124.6,-11.5,-15.2,0.2,1.0,7.7,0.0,0.069,0.036,7.7,0.571,0.594,0.358,0.364,106.64,106.57,88.81,64,0.124,4.0
22000024,1610612753,ORL,Orlando,1628365,Markelle Fultz,Markelle,G,,31.000000:05,123.6,122.5,115.6,118.8,8.0,3.7,0.292,3.5,28.0,0.061,0.059,0.06,8.0,0.538,0.636,0.225,0.23,109.08,108.1,90.08,71,0.128,4.0
