GAME_ID,TEAM_ID,TEAM_ABBREVIATION,TEAM_CITY,PLAYER_ID,PLAYER_NAME,NICKNAME,START_POSITION,COMMENT,MIN,E_OFF_RATING,OFF_RATING,E_DEF_RATING,DEF_RATING,E_NET_RATING,NET_RATING,AST_PCT,AST_TOV,AST_RATIO,OREB_PCT,DREB_PCT,REB_PCT,TM_TOV_PCT,EFG_PCT,TS_PCT,USG_PCT,E_USG_PCT,E_PACE,PACE,PACE_PER40,POSS,PIE,Unnamed: 0
22001046,1610612745,HOU,Houston,1628419,Cameron Oliver,Cameron,,,22.000000:44,118.7,125.5,120.4,121.7,-1.7,3.8,0.067,1.0,7.7,0.0,0.1,0.047,7.7,0.8,0.751,0.222,0.223,101.6,98.18,81.82,47,0.121,7.0
22001031,1610612745,HOU,Houston,1628419,Cameron Oliver,Cameron,,,19.000000:13,129.4,125.0,124.9,117.4,4.5,7.6,0.154,0.0,16.7,0.048,0.095,0.071,0.0,0.65,0.65,0.213,0.22,107.11,112.4,93.67,44,0.107,7.0
22001066,1610612745,HOU,Houston,1628419,Cameron Oliver,Cameron,,,28.000000:45,80.1,81.7,120.1,120.0,-40.0,-38.3,0.077,1.0,9.1,0.093,0.286,0.169,9.1,0.556,0.53,0.139,0.14,101.14,100.17,83.48,60,0.12,6.0
22001058,1610612745,HOU,Houston,1628419,Cameron Oliver,Cameron,,,16.000000:41,120.4,124.3,99.5,102.7,20.9,21.6,0.059,1.0,16.7,0.0,0.25,0.138,16.7,0.375,0.375,0.125,0.128,109.91,106.45,88.71,37,0.0,19.0
