GAME_ID,TEAM_ID,TEAM_ABBREVIATION,TEAM_CITY,PLAYER_ID,PLAYER_NAME,NICKNAME,START_POSITION,COMMENT,MIN,E_OFF_RATING,OFF_RATING,E_DEF_RATING,DEF_RATING,E_NET_RATING,NET_RATING,AST_PCT,AST_TOV,AST_RATIO,OREB_PCT,DREB_PCT,REB_PCT,TM_TOV_PCT,EFG_PCT,TS_PCT,USG_PCT,E_USG_PCT,E_PACE,PACE,PACE_PER40,POSS,PIE,Unnamed: 0
22000993,1610612758,SAC,Sacramento,1629663,Louis King,Louis,,,0.000000:60,0.0,0.0,208.3,200.0,-208.3,-200.0,0.0,0.0,0.0,0.0,0.0,0.0,0.0,0.0,0.0,0.333,0.5,117.32,144.24,120.2,3,-0.2,10.0
22001040,1610612758,SAC,Sacramento,1629663,Louis King,Louis,,,11.000000:05,76.7,76.0,85.0,88.0,-8.3,-12.0,0.167,1.0,20.0,0.0,0.133,0.08,20.0,0.333,0.333,0.148,0.155,109.66,108.27,90.23,25,0.027,21.0
22001025,1610612758,SAC,Sacramento,1629663,Louis King,Louis,,,1.000000:38,69.4,50.0,21.0,25.0,48.4,25.0,0.0,0.0,0.0,0.0,0.333,0.333,0.0,0.0,0.0,0.0,0.0,112.26,117.55,97.96,4,0.0,23.0
22000263,1610612758,SAC,Sacramento,1629663,Louis King,Louis,,,34.000000:05,107.7,105.2,95.4,95.9,12.3,9.2,0.176,3.0,13.6,0.087,0.122,0.103,4.5,0.688,0.742,0.207,0.215,105.38,106.31,88.59,77,0.262,8.0
22001011,1610612758,SAC,Sacramento,1629663,Louis King,Louis,,DNP - Coach's Decision,,,0.0,,0.0,,0.0,,,,0.0,0.0,0.0,,,,0.0,0.0,,,,0,,24.0
22000255,1610612758,SAC,Sacramento,1629663,Louis King,Louis,,,9.000000:20,172.8,164.7,106.6,112.5,66.2,52.2,0.2,0.0,50.0,0.143,0.222,0.188,0.0,0.5,0.615,0.1,0.104,85.06,84.86,70.71,17,0.135,8.0
22001077,1610612758,SAC,Sacramento,1629663,Louis King,Louis,F,,28.000000:10,85.1,84.7,109.3,108.3,-24.2,-23.6,0.176,1.5,17.6,0.0,0.111,0.05,11.8,0.5,0.5,0.222,0.223,100.75,101.4,84.5,59,0.07,15.0
