GAME_ID,TEAM_ID,TEAM_ABBREVIATION,TEAM_CITY,PLAYER_ID,PLAYER_NAME,NICKNAME,START_POSITION,COMMENT,MIN,E_OFF_RATING,OFF_RATING,E_DEF_RATING,DEF_RATING,E_NET_RATING,NET_RATING,AST_PCT,AST_TOV,AST_RATIO,OREB_PCT,DREB_PCT,REB_PCT,TM_TOV_PCT,EFG_PCT,TS_PCT,USG_PCT,E_USG_PCT,E_PACE,PACE,PACE_PER40,POSS,PIE,Unnamed: 0
22000728,1610612759,SAS,San Antonio,1629244,Cam Reynolds,Cam,,,2.000000:06,50.0,40.0,103.1,80.0,-53.1,-40.0,0.0,0.0,0.0,0.0,0.0,0.0,0.0,0.0,0.0,0.2,0.25,90.06,114.29,95.24,5,-0.143,27.0
22000714,1610612759,SAS,San Antonio,1629244,Cam Reynolds,Cam,,,2.000000:22,80.0,66.7,120.0,120.0,-40.0,-53.3,0.0,0.0,0.0,0.0,0.0,0.0,0.0,0.0,0.0,0.0,0.0,101.41,111.55,92.96,6,0.0,26.0
22000735,1610612759,SAS,San Antonio,1629244,Cam Reynolds,Cam,,DNP - Coach's Decision,,,0.0,,0.0,,0.0,,,,0.0,0.0,0.0,,,,0.0,0.0,,,,0,,23.0
22000697,1610612759,SAS,San Antonio,1629244,Cam Reynolds,Cam,,,1.000000:42,50.0,50.0,72.5,50.0,-22.5,0.0,0.0,0.0,0.0,0.0,0.0,0.0,0.0,1.0,1.0,0.25,0.25,95.44,112.94,94.12,4,-0.8,27.0
22001066,1610612745,HOU,Houston,1629244,Cam Reynolds,Cam,,,31.000000:01,76.0,77.3,110.7,110.4,-34.7,-33.2,0.133,0.0,12.5,0.043,0.061,0.05,0.0,0.321,0.321,0.182,0.184,103.62,102.91,85.76,66,0.008,7.0
22001058,1610612745,HOU,Houston,1629244,Cam Reynolds,Cam,,,3.000000:18,189.0,185.7,152.3,150.0,36.7,35.7,0.0,0.0,0.0,0.0,0.5,0.333,0.0,1.0,1.0,0.286,0.291,107.35,109.09,90.91,7,0.179,20.0
22000751,1610612759,SAS,San Antonio,1629244,Cam Reynolds,Cam,,DNP - Coach's Decision,,,0.0,,0.0,,0.0,,,,0.0,0.0,0.0,,,,0.0,0.0,,,,0,,24.0
