GAME_ID,TEAM_ID,TEAM_ABBREVIATION,TEAM_CITY,PLAYER_ID,PLAYER_NAME,NICKNAME,START_POSITION,COMMENT,MIN,E_OFF_RATING,OFF_RATING,E_DEF_RATING,DEF_RATING,E_NET_RATING,NET_RATING,AST_PCT,AST_TOV,AST_RATIO,OREB_PCT,DREB_PCT,REB_PCT,TM_TOV_PCT,EFG_PCT,TS_PCT,USG_PCT,E_USG_PCT,E_PACE,PACE,PACE_PER40,POSS,PIE,Unnamed: 0
22000833,1610612753,ORL,Orlando,1629606,Robert Franks,Robert,,DNP - Coach's Decision,,,0.0,,0.0,,0.0,,,,0.0,0.0,0.0,,,,0.0,0.0,,,,0,,10.0
22000893,1610612753,ORL,Orlando,1629606,Robert Franks,Robert,,,18.000000:51,95.9,90.0,132.2,135.0,-36.3,-45.0,0.071,0.0,20.0,0.0,0.111,0.049,0.0,0.0,0.258,0.089,0.096,99.77,101.86,84.88,40,-0.006,17.0
22000864,1610612753,ORL,Orlando,1629606,Robert Franks,Robert,,,15.000000:05,109.9,116.1,98.2,100.0,11.7,16.1,0.083,0.0,20.0,0.0,0.0,0.0,0.0,0.625,0.625,0.114,0.115,99.1,95.47,79.56,31,0.069,17.0
22000917,1610612753,ORL,Orlando,1629606,Robert Franks,Robert,,,16.000000:36,119.9,121.9,111.9,115.6,8.1,6.3,0.1,0.0,14.3,0.0,0.0,0.0,0.0,0.7,0.791,0.176,0.174,94.84,92.53,77.11,32,0.168,19.0
22000876,1610612753,ORL,Orlando,1629606,Robert Franks,Robert,,,15.000000:12,84.6,82.4,106.6,103.1,-21.9,-20.8,0.0,0.0,0.0,0.05,0.095,0.073,0.0,0.417,0.509,0.184,0.194,101.12,104.21,86.84,34,0.14,7.0
22000914,1610612753,ORL,Orlando,1629606,Robert Franks,Robert,,,18.000000:10,110.8,111.9,131.2,129.3,-20.3,-17.4,0.071,0.0,10.0,0.115,0.133,0.122,0.0,0.563,0.619,0.18,0.182,109.39,109.65,91.38,42,0.117,18.0
22000849,1610612753,ORL,Orlando,1629606,Robert Franks,Robert,,,1.000000:58,154.6,120.0,55.1,60.0,99.5,60.0,0.0,0.0,0.0,0.0,0.0,0.0,0.0,1.0,1.064,0.4,0.515,113.74,122.03,101.69,5,0.375,10.0
22000816,1610612753,ORL,Orlando,1629606,Robert Franks,Robert,,,14.000000:51,115.5,116.1,142.7,141.9,-27.1,-25.8,0.091,0.5,20.0,0.133,0.182,0.154,40.0,1.5,1.064,0.111,0.114,100.2,100.2,83.5,31,0.048,23.0
