GAME_ID,TEAM_ID,TEAM_ABBREVIATION,TEAM_CITY,PLAYER_ID,PLAYER_NAME,NICKNAME,START_POSITION,COMMENT,MIN,E_OFF_RATING,OFF_RATING,E_DEF_RATING,DEF_RATING,E_NET_RATING,NET_RATING,AST_PCT,AST_TOV,AST_RATIO,OREB_PCT,DREB_PCT,REB_PCT,TM_TOV_PCT,EFG_PCT,TS_PCT,USG_PCT,E_USG_PCT,E_PACE,PACE,PACE_PER40,POSS,PIE,Unnamed: 0
22001046,1610612745,HOU,Houston,1629017,Khyri Thomas,Khyri,G,,37.000000:15,125.6,129.1,124.9,128.8,0.7,0.4,0.314,11.0,45.8,0.027,0.061,0.043,4.2,0.167,0.167,0.144,0.146,105.48,102.44,85.37,79,0.028,3.0
22001031,1610612745,HOU,Houston,1629017,Khyri Thomas,Khyri,,,29.000000:10,123.1,119.7,130.9,127.9,-7.8,-8.2,0.25,5.0,21.7,0.034,0.091,0.065,4.3,0.467,0.537,0.261,0.268,107.47,110.26,91.89,66,0.091,6.0
22001006,1610612745,HOU,Houston,1629017,Khyri Thomas,Khyri,,,22.000000:44,119.8,119.2,115.8,107.4,4.0,11.8,0.059,0.0,11.1,0.091,0.037,0.061,0.0,1.0,1.015,0.145,0.146,107.51,111.91,93.26,52,0.167,7.0
22001016,1610612745,HOU,Houston,1629017,Khyri Thomas,Khyri,,,33.000000:46,116.9,118.9,101.4,100.0,15.5,18.9,0.13,1.5,11.1,0.026,0.133,0.072,7.4,0.571,0.605,0.289,0.295,106.07,105.9,88.25,74,0.158,7.0
22001058,1610612745,HOU,Houston,1629017,Khyri Thomas,Khyri,G,,30.000000:01,129.5,133.3,115.5,118.2,14.0,15.2,0.208,2.5,27.8,0.087,0.034,0.058,11.1,0.773,0.773,0.191,0.192,105.83,103.14,85.95,63,0.122,15.0
