GAME_ID,TEAM_ID,TEAM_ABBREVIATION,TEAM_CITY,PLAYER_ID,PLAYER_NAME,NICKNAME,START_POSITION,COMMENT,MIN,E_OFF_RATING,OFF_RATING,E_DEF_RATING,DEF_RATING,E_NET_RATING,NET_RATING,AST_PCT,AST_TOV,AST_RATIO,OREB_PCT,DREB_PCT,REB_PCT,TM_TOV_PCT,EFG_PCT,TS_PCT,USG_PCT,E_USG_PCT,E_PACE,PACE,PACE_PER40,POSS,PIE,Unnamed: 0
22001047,1610612746,LAC,LA,1630206,Jay Scrubb,Jay,,,4.000000:09,139.6,122.2,103.1,100.0,36.5,22.2,0.0,0.0,0.0,0.0,0.2,0.143,50.0,1.0,1.064,0.4,0.45,90.45,98.31,81.93,9,0.118,12.0
22001019,1610612746,LAC,LA,1630206,Jay Scrubb,Jay,,DNP - Coach's Decision,,,0.0,,0.0,,0.0,,,,0.0,0.0,0.0,,,,0.0,0.0,,,,0,,27.0
22001034,1610612746,LAC,LA,1630206,Jay Scrubb,Jay,,,4.000000:09,122.2,110.0,111.3,110.0,10.9,0.0,0.0,0.0,0.0,0.0,0.0,0.0,33.3,0.0,0.0,0.3,0.333,109.19,115.66,96.39,10,-0.125,11.0
22001058,1610612746,LAC,LA,1630206,Jay Scrubb,Jay,G,,39.000000:46,110.0,112.8,112.2,114.6,-2.1,-1.8,0.0,0.0,0.0,0.0,0.154,0.076,15.0,0.438,0.491,0.206,0.212,103.78,101.39,84.49,86,0.061,3.0
22001074,1610612746,LAC,LA,1630206,Jay Scrubb,Jay,,,36.000000:07,113.9,112.2,114.2,119.2,-0.3,-7.0,0.037,1.0,5.3,0.043,0.132,0.083,5.3,0.412,0.412,0.2,0.207,99.01,97.68,81.4,74,0.058,7.0
