GAME_ID,TEAM_ID,TEAM_ABBREVIATION,TEAM_CITY,PLAYER_ID,PLAYER_NAME,NICKNAME,START_POSITION,COMMENT,MIN,E_OFF_RATING,OFF_RATING,E_DEF_RATING,DEF_RATING,E_NET_RATING,NET_RATING,AST_PCT,AST_TOV,AST_RATIO,OREB_PCT,DREB_PCT,REB_PCT,TM_TOV_PCT,EFG_PCT,TS_PCT,USG_PCT,E_USG_PCT,E_PACE,PACE,PACE_PER40,POSS,PIE,Unnamed: 0
22000161,1610612745,HOU,Houston,203998,Bruno Caboclo,Bruno,,,4.000000:15,93.4,100.0,68.5,60.0,24.9,40.0,0.0,0.0,0.0,0.167,0.6,0.364,0.0,1.0,0.798,0.182,0.188,103.91,107.29,89.41,9,0.692,24.0
22000029,1610612745,HOU,Houston,203998,Bruno Caboclo,Bruno,,,3.000000:33,145.3,166.7,43.6,42.9,101.7,123.8,0.0,0.0,0.0,0.0,0.2,0.125,0.0,0.0,0.0,0.125,0.127,93.03,87.89,73.24,6,-0.083,8.0
22000065,1610612745,HOU,Houston,203998,Bruno Caboclo,Bruno,,DNP - Coach's Decision,,,0.0,,0.0,,0.0,,,,0.0,0.0,0.0,,,,0.0,0.0,,,,0,,24.0
22000107,1610612745,HOU,Houston,203998,Bruno Caboclo,Bruno,,DNP - Coach's Decision,,,0.0,,0.0,,0.0,,,,0.0,0.0,0.0,,,,0.0,0.0,,,,0,,8.0
22000098,1610612745,HOU,Houston,203998,Bruno Caboclo,Bruno,,,1.000000:08,106.4,100.0,150.0,100.0,-43.6,0.0,0.0,0.0,0.0,0.0,0.0,0.0,0.0,0.0,0.0,0.0,0.0,82.16,105.88,88.24,2,0.0,24.0
22000044,1610612745,HOU,Houston,203998,Bruno Caboclo,Bruno,,,19.000000:31,69.0,71.1,96.3,100.0,-27.4,-28.9,0.0,0.0,0.0,0.037,0.217,0.12,30.8,0.333,0.333,0.26,0.269,113.23,109.44,91.2,45,-0.033,7.0
22000079,1610612745,HOU,Houston,203998,Bruno Caboclo,Bruno,,DNP - Coach's Decision,,,0.0,,0.0,,0.0,,,,0.0,0.0,0.0,,,,0.0,0.0,,,,0,,24.0
22000127,1610612745,HOU,Houston,203998,Bruno Caboclo,Bruno,,,4.000000:57,136.4,125.0,87.2,100.0,49.2,25.0,0.25,0.0,20.0,0.0,0.4,0.222,0.0,0.75,0.75,0.308,0.333,120.05,116.36,96.97,12,0.341,24.0
22000146,1610612745,HOU,Houston,203998,Bruno Caboclo,Bruno,,,3.000000:02,145.3,142.9,155.3,142.9,-9.9,0.0,0.0,0.0,0.0,0.167,0.0,0.111,0.0,0.5,0.5,0.182,0.184,105.39,110.77,92.31,7,0.081,25.0
