GAME_ID,TEAM_ID,TEAM_ABBREVIATION,TEAM_CITY,PLAYER_ID,PLAYER_NAME,NICKNAME,START_POSITION,COMMENT,MIN,E_OFF_RATING,OFF_RATING,E_DEF_RATING,DEF_RATING,E_NET_RATING,NET_RATING,AST_PCT,AST_TOV,AST_RATIO,OREB_PCT,DREB_PCT,REB_PCT,TM_TOV_PCT,EFG_PCT,TS_PCT,USG_PCT,E_USG_PCT,E_PACE,PACE,PACE_PER40,POSS,PIE,Unnamed: 0
22000062,1610612739,CLE,Cleveland,203957,Danté Exum,Danté,F,,28.000000:16,99.9,100.0,115.6,119.3,-15.6,-19.3,0.0,0.0,0.0,0.0,0.154,0.067,25.0,0.6,0.595,0.111,0.116,100.06,98.47,82.06,59,0.051,0.0
22000093,1610612739,CLE,Cleveland,203957,Danté Exum,Danté,G,,0.000000:49,0.0,0.0,200.0,200.0,-200.0,-200.0,0.0,0.0,0.0,0.0,0.0,0.0,100.0,0.0,0.0,0.5,0.5,117.55,117.55,97.96,2,-0.2,3.0
22000247,1610612745,HOU,Houston,203957,Danté Exum,Danté,,DNP - Injury/Illness,,,0.0,,0.0,,0.0,,,,0.0,0.0,0.0,,,,0.0,0.0,,,,0,,12.0
22000046,1610612739,CLE,Cleveland,203957,Danté Exum,Danté,,,16.000000:13,74.6,73.5,86.0,81.1,-11.4,-7.6,0.222,2.0,25.0,0.0,0.077,0.029,12.5,0.0,0.0,0.15,0.152,101.23,105.08,87.56,34,-0.034,17.0
22000083,1610612739,CLE,Cleveland,203957,Danté Exum,Danté,F,,34.000000:37,102.4,104.2,95.2,97.3,7.2,7.0,0.038,0.5,9.1,0.028,0.1,0.066,18.2,0.375,0.375,0.123,0.123,101.83,99.84,83.2,71,0.022,0.0
22000035,1610612739,CLE,Cleveland,203957,Danté Exum,Danté,,,23.000000:05,131.9,132.7,75.8,75.0,56.1,57.7,0.273,6.0,50.0,0.056,0.136,0.1,8.3,0.6,0.6,0.109,0.111,100.68,100.89,84.07,49,0.103,23.0
22000023,1610612739,CLE,Cleveland,203957,Danté Exum,Danté,,,13.000000:09,71.4,71.9,94.4,93.9,-23.0,-22.1,0.5,0.0,57.1,0.0,0.2,0.083,0.0,0.667,0.667,0.086,0.088,118.7,118.63,98.86,32,0.186,8.0
