GAME_ID,TEAM_ID,TEAM_ABBREVIATION,TEAM_CITY,PLAYER_ID,PLAYER_NAME,NICKNAME,START_POSITION,COMMENT,MIN,E_OFF_RATING,OFF_RATING,E_DEF_RATING,DEF_RATING,E_NET_RATING,NET_RATING,AST_PCT,AST_TOV,AST_RATIO,OREB_PCT,DREB_PCT,REB_PCT,TM_TOV_PCT,EFG_PCT,TS_PCT,USG_PCT,E_USG_PCT,E_PACE,PACE,PACE_PER40,POSS,PIE,Unnamed: 0
20600593,1610612737,ATL,Atlanta,101159,Dijon Thompson,Dijon,,,7.000000:55,110.8,100.0,126.0,135.7,-15.2,-35.7,0.0,0.0,0.0,0.0,0.0,0.0,0.0,1.0,1.042,0.071,0.079,84.07,84.92,70.77,14,0.128,8.0
20600586,1610612737,ATL,Atlanta,101159,Dijon Thompson,Dijon,,,6.000000:00,112.7,100.0,81.0,80.0,31.7,20.0,0.0,0.0,0.0,0.0,0.0,0.0,0.0,0.0,0.266,0.182,0.205,78.56,84.0,70.0,11,-0.065,22.0
20600618,1610612737,ATL,Atlanta,101159,Dijon Thompson,Dijon,,,9.000000:40,75.1,77.8,56.9,60.0,18.2,17.8,0.0,0.0,0.0,0.091,0.0,0.045,0.0,0.0,0.0,0.143,0.145,98.7,94.43,78.69,18,-0.391,8.0
20600491,1610612737,ATL,Atlanta,101159,Dijon Thompson,Dijon,,DNP - Coach's Decision,,,0.0,,0.0,,0.0,,,,0.0,0.0,0.0,,,,0.0,0.0,,,,0,,23.0
20600509,1610612737,ATL,Atlanta,101159,Dijon Thompson,Dijon,,,5.000000:56,144.4,133.3,143.1,130.8,1.3,2.6,0.0,0.0,0.0,0.0,0.0,0.0,0.0,0.667,0.81,0.286,0.306,92.87,101.12,84.27,12,0.2,7.0
20600534,1610612737,ATL,Atlanta,101159,Dijon Thompson,Dijon,,DNP - Coach's Decision,,,0.0,,0.0,,0.0,,,,0.0,0.0,0.0,,,,0.0,0.0,,,,0,,22.0
20600517,1610612737,ATL,Atlanta,101159,Dijon Thompson,Dijon,,,18.000000:12,105.1,102.8,108.0,102.7,-2.8,0.1,0.167,0.0,25.0,0.111,0.385,0.226,0.0,0.5,0.5,0.158,0.161,92.84,96.26,80.22,36,0.158,20.0
20600558,1610612737,ATL,Atlanta,101159,Dijon Thompson,Dijon,,DNP - Coach's Decision,,,0.0,,0.0,,0.0,,,,0.0,0.0,0.0,,,,0.0,0.0,,,,0,,23.0
20600574,1610612737,ATL,Atlanta,101159,Dijon Thompson,Dijon,,,2.000000:28,40.0,33.3,180.0,180.0,-140.0,-146.7,0.0,0.0,0.0,0.0,0.0,0.0,50.0,0.0,0.0,0.333,0.4,97.3,107.03,89.19,6,-0.143,10.0
