GAME_ID,TEAM_ID,TEAM_ABBREVIATION,TEAM_CITY,PLAYER_ID,PLAYER_NAME,NICKNAME,START_POSITION,COMMENT,MIN,E_OFF_RATING,OFF_RATING,E_DEF_RATING,DEF_RATING,E_NET_RATING,NET_RATING,AST_PCT,AST_TOV,AST_RATIO,OREB_PCT,DREB_PCT,REB_PCT,TM_TOV_PCT,EFG_PCT,TS_PCT,USG_PCT,E_USG_PCT,E_PACE,PACE,PACE_PER40,POSS,PIE,Unnamed: 0
20601113,1610612738,BOS,Boston,200838,Kevinn Pinkney,Kevinn,,,21.000000:23,89.2,97.5,99.3,100.0,-10.1,-2.5,0.0,0.0,0.0,0.036,0.048,0.041,0.0,0.714,0.815,0.176,0.177,93.16,88.67,73.89,40,0.286,8.0
20601176,1610612738,BOS,Boston,200838,Kevinn Pinkney,Kevinn,,,17.000000:15,109.8,114.7,98.3,90.9,11.5,23.8,0.25,3.0,20.0,0.211,0.214,0.212,6.7,0.3,0.322,0.279,0.276,91.9,93.24,77.7,34,0.058,20.0
20601200,1610612738,BOS,Boston,200838,Kevinn Pinkney,Kevinn,,DNP - Coach's Decision,,,0.0,,0.0,,0.0,,,,0.0,0.0,0.0,,,,0.0,0.0,,,,0,,10.0
20601160,1610612738,BOS,Boston,200838,Kevinn Pinkney,Kevinn,,,24.000000:07,101.6,97.8,115.3,111.1,-13.7,-13.3,0.077,1.0,14.3,0.04,0.143,0.077,14.3,0.7,0.7,0.111,0.117,87.22,90.56,75.47,46,0.109,7.0
20601164,1610612738,BOS,Boston,200838,Kevinn Pinkney,Kevinn,,,10.000000:53,83.3,84.2,108.9,115.8,-25.6,-31.6,0.0,0.0,0.0,0.0,0.0,0.0,33.3,0.5,0.5,0.136,0.142,86.91,83.82,69.85,19,-0.029,19.0
20601135,1610612738,BOS,Boston,200838,Kevinn Pinkney,Kevinn,,,16.000000:24,117.3,115.8,93.3,88.9,23.9,26.9,0.0,0.0,0.0,0.063,0.091,0.074,33.3,0.0,0.0,0.07,0.071,105.07,108.29,90.24,38,-0.043,7.0
20601123,1610612738,BOS,Boston,200838,Kevinn Pinkney,Kevinn,,,9.000000:56,85.5,81.0,116.5,104.8,-31.0,-23.8,0.125,0.0,33.3,0.0,0.091,0.043,0.0,0.0,0.0,0.083,0.091,93.59,101.41,84.51,21,-0.042,19.0
