GAME_ID,TEAM_ID,TEAM_ABBREVIATION,TEAM_CITY,PLAYER_ID,PLAYER_NAME,NICKNAME,START_POSITION,COMMENT,MIN,E_OFF_RATING,OFF_RATING,E_DEF_RATING,DEF_RATING,E_NET_RATING,NET_RATING,AST_PCT,AST_TOV,AST_RATIO,OREB_PCT,DREB_PCT,REB_PCT,TM_TOV_PCT,EFG_PCT,TS_PCT,USG_PCT,E_USG_PCT,E_PACE,PACE,PACE_PER40,POSS,PIE,Unnamed: 0
20600634,1610612761,TOR,Toronto,2776,Pape Sow,Pape,,,0.000000:54,51.5,50.0,225.4,220.0,-173.9,-170.0,0.0,0.0,0.0,0.0,0.333,0.25,50.0,0.0,0.0,0.5,0.515,235.34,241.79,201.49,4,-0.091,22.0
20600621,1610612761,TOR,Toronto,2776,Pape Sow,Pape,,DNP - Coach's Decision,,,0.0,,0.0,,0.0,,,,0.0,0.0,0.0,,,,0.0,0.0,,,,0,,23.0
20600970,1610612761,TOR,Toronto,2776,Pape Sow,Pape,,,1.000000:42,133.3,100.0,0.0,0.0,133.3,100.0,0.0,0.0,0.0,0.0,0.0,0.0,0.0,0.0,0.0,0.0,0.0,84.71,112.94,94.12,4,0.0,23.0
20601214,1610612761,TOR,Toronto,2776,Pape Sow,Pape,,,24.000000:32,85.9,84.3,119.6,113.7,-33.7,-29.4,0.133,0.0,25.0,0.138,0.235,0.174,0.0,0.25,0.403,0.103,0.105,96.37,99.77,83.14,51,0.087,7.0
20600647,1610612761,TOR,Toronto,2776,Pape Sow,Pape,,,1.000000:21,106.4,100.0,245.9,200.0,-139.5,-100.0,0.0,0.0,0.0,0.0,0.0,0.0,0.0,0.0,0.0,0.0,0.0,76.8,88.89,74.07,2,0.0,11.0
20601217,1610612761,TOR,Toronto,2776,Pape Sow,Pape,,DNP - Coach's Decision,,,0.0,,0.0,,0.0,,,,0.0,0.0,0.0,,,,0.0,0.0,,,,0,,22.0
20601007,1610612761,TOR,Toronto,2776,Pape Sow,Pape,,,0.000000:08,0.0,0.0,0.0,0.0,0.0,0.0,0.0,0.0,0.0,0.0,0.0,0.0,0.0,0.0,0.0,0.0,0.0,175.61,351.22,292.68,1,0.0,21.0
20601020,1610612761,TOR,Toronto,2776,Pape Sow,Pape,,,2.000000:36,91.9,83.3,138.9,133.3,-47.0,-50.0,0.0,0.0,0.0,0.5,0.0,0.333,0.0,0.5,0.5,0.25,0.269,103.38,110.77,92.31,6,0.211,22.0
20600606,1610612761,TOR,Toronto,2776,Pape Sow,Pape,,,3.000000:01,107.5,114.3,212.8,200.0,-105.2,-85.7,0.0,0.0,0.0,0.0,0.0,0.0,0.0,0.5,0.615,0.25,0.237,104.06,103.43,86.19,7,0.133,23.0
