GAME_ID,TEAM_ID,TEAM_ABBREVIATION,TEAM_CITY,PLAYER_ID,PLAYER_NAME,NICKNAME,START_POSITION,COMMENT,MIN,E_OFF_RATING,OFF_RATING,E_DEF_RATING,DEF_RATING,E_NET_RATING,NET_RATING,AST_PCT,AST_TOV,AST_RATIO,OREB_PCT,DREB_PCT,REB_PCT,TM_TOV_PCT,EFG_PCT,TS_PCT,USG_PCT,E_USG_PCT,E_PACE,PACE,PACE_PER40,POSS,PIE,Unnamed: 0
20600786,1610612746,LAC,Los Angeles,57,Doug Christie,Doug,,,2.000000:24,138.9,120.0,102.5,100.0,36.4,20.0,0.0,0.0,0.0,0.0,0.0,0.0,0.0,0.0,0.0,0.0,0.0,92.0,100.0,83.33,5,-0.143,21.0
20600686,1610612746,LAC,Los Angeles,57,Doug Christie,Doug,,,2.000000:08,66.7,66.7,215.5,166.7,-148.9,-100.0,0.0,0.0,0.0,0.0,0.0,0.0,0.0,0.0,0.0,0.25,0.25,86.22,101.57,84.64,3,-0.167,20.0
20600720,1610612746,LAC,Los Angeles,57,Doug Christie,Doug,,,21.000000:48,103.1,102.4,117.5,114.6,-14.4,-12.2,0.286,4.0,40.0,0.053,0.111,0.081,10.0,0.2,0.2,0.13,0.131,88.87,90.28,75.23,41,0.042,9.0
20600709,1610612746,LAC,Los Angeles,57,Doug Christie,Doug,,DNP - Coach's Decision,,,0.0,,0.0,,0.0,,,,0.0,0.0,0.0,,,,0.0,0.0,,,,0,,9.0
20600739,1610612746,LAC,Los Angeles,57,Doug Christie,Doug,,,23.000000:37,109.4,104.5,101.1,97.8,8.3,6.8,0.0,0.0,0.0,0.0,0.125,0.067,0.0,0.583,0.621,0.14,0.146,86.95,90.44,75.37,44,0.098,7.0
20600729,1610612746,LAC,Los Angeles,57,Doug Christie,Doug,,,16.000000:22,68.0,69.7,107.1,105.9,-39.2,-36.2,0.429,3.0,42.9,0.0,0.15,0.077,14.3,0.0,0.174,0.114,0.115,98.93,98.29,81.91,33,0.083,7.0
20600758,1610612746,LAC,Los Angeles,57,Doug Christie,Doug,,,7.000000:47,73.5,75.0,112.6,118.8,-39.0,-43.8,0.0,0.0,0.0,0.0,0.0,0.0,100.0,0.0,0.0,0.111,0.109,102.37,98.67,82.23,16,-0.07,7.0
20600765,1610612746,LAC,Los Angeles,57,Doug Christie,Doug,,,7.000000:52,92.9,76.9,109.7,107.7,-16.8,-30.8,0.333,1.0,20.0,0.182,0.0,0.111,20.0,0.333,0.333,0.2,0.225,71.76,79.32,66.1,13,-0.071,5.0
